plot_ID,DBH_cm,canopy_condition,DH,WH,bark,ES,BS,bark_blonding,species,notes
HRgap1,14.9,5,NO,NO,NO,NO,NO,,FRAM,
HRgap1,34.3,2,NO,NO,NO,NO,NO,,FRAM,
HRgap1,16.1,2,NO,NO,NO,NO,NO,,FRAM,
HRgap1,40.4,1,NO,NO,NO,NO,NO,,FRAM,
HRgap1,42.5,1,NO,NO,NO,NO,NO,,FRAM,
HRgap1,30.2,1,NO,NO,NO,NO,NO,,FRAM,
HRgap2,35.9,2,NO,NO,YES,NO,NO,,FRAM,
HRgap2,26.1,2,NO,NO,NO,NO,NO,,FRAM,
HRgap2,41,2,NO,NO,YES,NO,NO,,FRAM,
HRgap2,31.4,2,NO,NO,NO,NO,NO,,FRAM,
HRgap3,I,1,NO,NO,NO,NO,NO,,FRAM,
HRunh1,19.6,1,NO,NO,NO,NO,NO,,FRAM,
HRunh1,12.7,3,NO,NO,NO,NO,YES,,FRAM,
HRunh1,15.8,2,NO,NO,NO,NO,NO,,FRAM,
HRunh1,16,2,NO,NO,NO,NO,NO,,FRAM,
HRunh2,23.7,2,NO,NO,NO,NO,NO,,FRAM,
CH145unh2,33.2,2,NO,NO,NO,NO,NO,NO,FRAM,
CH145unh2,27.8,2,NO,NO,NO,NO,NO,NO,FRAM,
CH145unh2,25.1,2,NO,NO,NO,YES,NO,NO,FRAM,
CH145unh2,36.1,1,NO,NO,NO,NO,NO,YES,FRAM,
CH145unh2,37.9,1,NO,NO,NO,NO,NO,NO,FRAM,
CH145unh2,26,1,NO,NO,NO,NO,NO,NO,FRAM,
CH145unh2,30.2,1,NO,NO,NO,NO,NO,NO,FRAM,
CH145unh2,26.5,2,NO,NO,NO,NO,NO,NO,FRAM,
HRunh3,12.5,1,NO,NO,NO,NO,NO,,FRAM,
HRunh3,61.2,2,NO,NO,NO,NO,NO,,FRAM,
HRunh3,III,2,NO,NO,NO,NO,NO,,FRAM,
CH145unh3,37.9,1,NO,NO,NO,NO,NO,NO,FRAM,
CH145unh3,26.2,3,NO,NO,NO,YES,NO,YES,FRAM,
CH145unh3,35.1,2,NO,NO,NO,NO,NO,NO,FRAM,
CH145unh3,37.4,1,NO,NO,NO,YES,NO,YES,FRAM,
CH145unh3,33.4,2,NO,NO,NO,YES,NO,NO,FRAM,
HRunh4,32.7,1,NO,NO,NO,NO,NO,,FRAM,
HRunh4,12.8,1,NO,NO,NO,NO,NO,,FRAM,
HRunh4,32.6,1,NO,NO,NO,NO,NO,,FRAM,
HRunh4,51.4,2,NO,NO,NO,NO,NO,,FRAM,
HRmat2,51.7,1,NO,NO,NO,NO,NO,NO,FRAM,
HRmat3,33.2,2,NO,NO,NO,NO,NO,NO,FRAM,
HRmat3,32,1,NO,NO,NO,NO,NO,NO,FRAM,
HRmat3,20.7,2,NO,NO,NO,NO,NO,YES,FRAM,
HRmat3,24.9,1,NO,NO,NO,NO,NO,NO,FRAM,
CH145unh4,23,4,NO,NO,NO,NO,NO,NO,FRAM,
CH145unh4,42.3,1,NO,NO,NO,NO,NO,YES,FRAM,
CH145unh4,28.2,2,NO,NO,NO,NO,NO,NO,FRAM,
CH145unh4,27.1,2,NO,NO,NO,NO,NO,NO,FRAM,
CH145unh4,21.2,2,NO,NO,NO,YES,NO,NO,FRAM,
CH145unh4,28.7,2,NO,NO,NO,YES,NO,YES,FRAM,
CH145unh4,28.7,2,NO,NO,NO,NO,NO,YES,FRAM,
CH145unh4,24.9,2,NO,NO,NO,NO,NO,YES,FRAM,
CH145unh4,35.3,2,NO,NO,NO,YES,NO,NO,FRAM,
CH145unh4,30.4,1,NO,NO,NO,NO,NO,YES,FRAM,
CH145unh4,21.7,1,NO,NO,NO,NO,NO,NO,FRAM,
CH145unh4,30.1,1,NO,NO,NO,NO,NO,YES,FRAM,
CH145unh4,17.7,2,NO,NO,NO,YES,NO,NO,FRAM,
CH145unh4,31,2,NO,NO,NO,NO,NO,YES,FRAM,
CH145unh4,28.6,2,NO,NO,NO,YES,NO,NO,FRAM,
CH145unh4,33.3,1,NO,NO,NO,NO,NO,NO,FRAM,
CH145unh4,39.6,2,NO,NO,NO,NO,NO,YES,FRAM,
CH2214unh1,27.7,?,NO,NO,NO,NO,NO,NO,FRAM,
CH2214unh1,29.2,4,YES,NO,YES,NO,NO,NO,FRAM,
CH2214unh1,28.2,2,NO,NO,NO,NO,NO,NO,FRAM,
CH2214unh1,39.8,1,NO,NO,NO,NO,NO,NO,FRAM,
CH2214unh1,26.9,5,NO,NO,NO,NO,NO,NO,FRAM,snag
CH2214unh1,31.4,5,NO,YES,YES,NO,NO,NO,FRAM,snag?
CH2214unh1,39.3,2,NO,YES,NO,NO,NO,NO,FRAM,
CH2214unh1,32.2,2,NO,NO,NO,YES,NO,NO,FRAM,
CH2214unh2,40.3,1,NO,NO,NO,NO,NO,YES,FRAM,
CH2214unh2,11.5,2,NO,NO,NO,NO,NO,NO,FRAM,
CH2214unh2,38.1,1,NO,NO,NO,NO,NO,NO,FRAM,
CH2214unh2,23.3,1,NO,NO,NO,NO,NO,NO,FRAM,
CH2214unh2,30.3,2,NO,NO,NO,NO,NO,NO,FRAM,
CH2214unh2,30,1,NO,NO,NO,NO,NO,YES,FRAM,
CH2214unh3,51.3,2,NO,NO,NO,NO,NO,NO,FRAM,
CH2214unh3,21.1,1,NO,NO,NO,NO,NO,NO,FRAM,
CH2214unh3,49.4,2,NO,NO,NO,YES,NO,NO,FRAM,Same tree
CH2214unh3,38.1,2,NO,NO,NO,YES,NO,NO,FRAM,Same tree
CH2214unh3,12.2,2,NO,NO,NO,YES,NO,NO,FRAM,
CH2214unh3,16.3,2,NO,NO,NO,NO,NO,NO,FRAM,
CH2214unh3,21.8,2,NO,NO,YES,NO,NO,NO,FRAM,
CH2214unh3,14.4,2,NO,NO,NO,NO,NO,NO,FRAM,
CH138mat1,38.8,3,NO,NO,NO,YES,NO,YES,FRAM,Patches of blondin bark on most
CH138mat1,37.1,1,NO,NO,NO,NO,NO,YES,FRAM,Patches of blondin bark on most; some bark missing @ bottom
CH138mat1,52.8,3,NO,NO,NO,NO,NO,YES,FRAM,Patches of blondin bark on most
CH138mat1,38.7,1,NO,NO,NO,NO,NO,YES,FRAM,Patches of blondin bark on most
MP19mat1,31.5,1,NO,NO,NO,NO,NO,YES,FRAM,
MP19mat1,22.9,2,NO,NO,NO,NO,NO,NO,FRAM,
MP19mat1,13.6,2,NO,NO,NO,NO,NO,NO,FRAM,
MP19mat1,19.5,2,NO,NO,NO,NO,NO,NO,FRAM,
MP19mat1,19.2,2,NO,NO,NO,NO,NO,NO,FRAM,
MP19mat1,29.4,1,NO,NO,NO,NO,NO,NO,FRAM,
MP19mat1,14.5,1,NO,NO,NO,NO,NO,NO,FRAM,
MP19mat1,26,1,NO,NO,NO,NO,NO,NO,FRAM,
MP19mat1,12.1,2,NO,NO,NO,yes,NO,NO,FRAM,from bending
MP19mat1,17.9,1,NO,NO,NO,NO,NO,NO,FRAM,
MP19mat1,14.8,1,NO,NO,NO,NO,NO,NO,FRAM,
MP19mat2,25.5,3,NO,NO,NO,NO,NO,NO,FRAM,
MP19mat2,20,2,NO,NO,NO,NO,NO,NO,FRAM,
MP19mat2,22.2,2,NO,NO,NO,NO,NO,NO,FRAM,
MP19mat2,16.2,2,NO,NO,NO,NO,NO,NO,FRAM,
MP19mat2,17.5,1,NO,NO,NO,NO,NO,NO,FRAM,
MP19mat2,26.1,1,NO,NO,NO,NO,NO,NO,FRAM,
MP1314gap1,II,2,NO,NO,NO,NO,NO,NO,FRAM,
MP1314mat1,50.5,1,NO,NO,NO,NO,NO,NO,FRAM,
MP1314mat1,31.8,1,NO,NO,NO,NO,NO,NO,FRAM,
MP1314mat1,38,1,NO,NO,NO,NO,NO,NO,FRAM,
MP1314mat1,43.2,2,NO,NO,NO,NO,NO,NO,FRAM,
MP1314gap2,III,1,NO,NO,NO,NO,NO,NO,FRAM,
MP1314gap2,II,1,NO,NO,NO,NO,YES,NO,FRAM,
MP1314gap2,I,1,NO,NO,NO,NO,NO,NO,FRAM,
MP1314gap2,I,1,NO,NO,NO,NO,NO,NO,FRAM,
MP1314gap3,39,3,NO,NO,NO,YES,NO,NO,FRAM,
MP1314gap3,38.2,2,NO,NO,NO,YES,NO,NO,FRAM,
CH138mat2,41.1,2,NO,NO,NO,NO,NO,NO,FRAM,
CH138mat3,48,2,NO,NO,NO,NO,NO,NO,FRAM,
CH138mat3,20.3,1,NO,NO,NO,YES,NO,NO,FRAM,
CH138mat3,35.9,2,NO,NO,NO,YES,NO,NO,FRAM,
CH138mat3,34.9,3,NO,NO,NO,NO,NO,NO,FRAM,
CH138mat3,34.6,?,NO,NO,NO,NO,YES,NO,FRAM,
CH138mat3,23.4,2,NO,NO,NO,NO,NO,NO,FRAM,
CH138mat3,23.1,3,NO,NO,NO,YES,YES,NO,FRAM,
CH138mat3,35.9,2,NO,NO,NO,YES,NO,NO,FRAM,
CH138mat4,35.1,3,NO,NO,NO,YES,NO,NO,FRAM,
CH138mat4,28.3,5,NO,YES,YES,YES,NO,NO,FRAM,
CH138mat4,27.3,2,NO,YES,NO,YES,YES,NO,FRAM,
CH138mat4,36.3,2,NO,NO,NO,NO,NO,NO,FRAM,
CH145unh1,49.1,1,NO,NO,NO,NO,NO,NO,FRAM,
CH145unh1,31.7,1,NO,NO,NO,NO,NO,NO,FRAM,
CH145unh1,27.5,1,NO,NO,NO,NO,NO,NO,FRAM,
CH145unh1,43.2,2,NO,NO,NO,NO,NO,NO,FRAM,
CH145unh1,48.5,2,NO,NO,NO,NO,NO,NO,FRAM,
CH145unh1,35.6,2,NO,NO,YES,NO,NO,NO,FRAM,
CH145unh1,19.8,1,NO,NO,NO,YES,NO,NO,FRAM,
CH2214unh4,52.3,3,NO,NO,NO,NO,NO,YES,FRAM,
CH2214unh4,41.8,4,NO,YES,NO,NO,NO,YES,FRAM,
GMCBmat2,29.9,2,NO,NO,NO,NO,NO,NO,FRAM,
GMCBmat2,33.7,2,NO,NO,NO,NO,NO,NO,FRAM,
GMCBmat2,13.3,3,NO,NO,NO,NO,NO,NO,FRAM,
GMCBmat2,34,1,NO,NO,NO,NO,NO,NO,FRAM,
GMCBgap3,32.5,2,NO,NO,NO,NO,NO,NO,FRAM,
GMCBgap3,12.3,2,NO,NO,NO,YES,NO,NO,FRAM,
GMCBgap3,25.9,3,NO,NO,NO,NO,NO,NO,FRAM,
GMCBmat3,25.9,2,NO,NO,NO,NO,NO,NO,FRAM,
GMCBmat3,25.1,1,NO,NO,NO,NO,NO,NO,FRAM,
GMCBmat3,23.8,2,NO,NO,NO,NO,NO,NO,FRAM,
GMCBmat3,30.9,3,NO,NO,NO,NO,NO,NO,FRAM,
GMCBmat3,26.4,1,NO,NO,NO,NO,NO,NO,FRAM,
GMCBmat3,39.4,2,NO,NO,NO,NO,NO,NO,FRAM,
GMCBmat3,25.2,2,NO,NO,NO,NO,NO,YES,FRAM,
GMAmat1,38.6,2,NO,NO,NO,NO,NO,NO,FRAM,
GMAmat1,35.5,3,YES,YES,NO,YES,NO,YES,FRAM,
GMAgap1,88.6,3,NO,YES,NO,NO,NO,YES,FRAM,
GMAmat2,49.9,3,NO,NO,NO,NO,NO,YES,FRAM,
GMAmat2,46.2,2,YES,NO,NO,NO,NO,YES,FRAM,see photo (DH)
GMRB5unh1,37.2,3,NO,NO,NO,NO,NO,YES,FRAM,
GMRB5unh1,33.4,3,NO,NO,NO,NO,NO,YES,FRAM,
GMRB5unh1,48.7,3,NO,NO,NO,NO,NO,YES,FRAM,
GMRB5unh1,29.3,3,NO,NO,NO,YES,NO,YES,FRAM,
GMRB5unh1,57.2,3,NO,NO,YES,YES,NO,YES,FRAM,
GMRB5unh1,34.7,2,NO,NO,NO,NO,NO,YES,FRAM,
GMRB5unh1,29.4,3,NO,NO,NO,YES,NO,YES,FRAM,
GMRB5unh1,38.3,2,NO,NO,NO,NO,NO,YES,FRAM,
GMRB5unh2,57.3,2,YES,NO,YES,NO,NO,YES,FRAM,
GMRB5unh2,35.3,2,NO,NO,NO,NO,NO,YES,FRAM,
GMRB5unh3,33,2,NO,NO,NO,YES,NO,YES,FRAM,
GMRB5unh3,30.8,3,NO,NO,NO,NO,NO,YES,FRAM,
GMRB5unh3,31.4,3,NO,NO,YES,NO,NO,YES,FRAM,
GMRB5unh4,34.4,2,NO,NO,NO,NO,NO,YES,FRAM,
GMRB5unh4,40.8,2,NO,NO,NO,NO,NO,YES,FRAM,
GMRB6unh1,38.4,2,NO,NO,YES,NO,NO,YES,FRAM,
GMRB6unh1,26.5,2,NO,NO,NO,YES,NO,YES,FRAM,
GMRB6unh1,31.8,3,NO,NO,NO,NO,NO,YES,FRAM,
GMRB6unh1,33.2,3,NO,NO,NO,NO,NO,YES,FRAM,
GMRB6unh2,34.8,1,NO,NO,YES,NO,NO,YES,FRAM,
GMRB6unh2,26.9,3,NO,NO,NO,NO,NO,YES,FRAM,
GMRB6unh2,42.8,2,NO,NO,NO,NO,NO,YES,FRAM,
GMRB6unh2,15.3,2,NO,NO,NO,YES,NO,NO,FRAM,
GMRB6unh2,29.4,2,NO,NO,NO,YES,NO,NO,FRAM,
GMRB6unh2,25.8,1,NO,NO,NO,YES,NO,NO,FRAM,
GMRB6unh2,33.4,2,NO,NO,NO,NO,NO,YES,FRAM,
GMRB6unh2,24.3,3,NO,NO,NO,NO,NO,YES,FRAM,
GMRB6unh2,28.1,2,NO,NO,NO,NO,NO,YES,FRAM,
GMRB6unh2,37.1,3,NO,NO,NO,NO,NO,YES,FRAM,
GMRB6unh2,39.3,2,NO,NO,NO,YES,NO,YES,FRAM,
GMRB6unh2,21.3,2,NO,NO,NO,YES,NO,YES,FRAM,
GMRB6unh2,22.4,2,NO,NO,NO,NO,NO,YES,FRAM,
GMRB6unh3,43.6,2,NO,NO,NO,YES,NO,YES,FRAM,
GMRB6unh3,37.7,2,NO,NO,YES,NO,NO,YES,FRAM,
GMRB6unh3,18.5,2,NO,NO,NO,NO,NO,YES,FRAM,
GMRB6unh3,17.6,2,NO,NO,NO,YES,NO,YES,FRAM,
GMRB6unh3,28.2,2,NO,NO,NO,NO,NO,YES,FRAM,
GMRB6unh3,18.1,2,NO,NO,NO,YES,NO,YES,FRAM,
GMRB6unh3,42.1,2,NO,NO,NO,NO,NO,YES,FRAM,
GMRB6unh3,50.1,2,NO,NO,NO,NO,NO,YES,FRAM,
GMRB6unh3,34,2,NO,NO,NO,NO,NO,YES,FRAM,
GMRB6unh3,30.2,2,NO,NO,NO,NO,NO,YES,FRAM,
GMRB6unh3,22,2,NO,NO,NO,NO,NO,YES,FRAM,
GMRB6unh3,29,1,NO,NO,NO,NO,NO,YES,FRAM,
GMRB6unh3,47.8,2,NO,NO,NO,NO,NO,YES,FRAM,
GMRB6unh3,27,2,NO,NO,NO,NO,NO,YES,FRAM,
GMRB6unh3,41.8,2,NO,NO,NO,NO,NO,YES,FRAM,
GMRB6unh4,42.7,2,NO,NO,NO,NO,NO,YES,FRAM,
GMRB6unh4,40,2,NO,NO,NO,NO,NO,YES,FRAM,
GMRB6unh4,29.8,2,NO,NO,NO,NO,NO,YES,FRAM,
GMRB6unh4,16.6,2,NO,NO,NO,NO,NO,YES,FRAM,
GMRB6unh4,18.5,2,NO,NO,YES,NO,NO,YES,FRAM,
GMRB6unh4,31.4,2,NO,NO,NO,NO,NO,YES,FRAM,
GMRB6unh4,39.2,2,NO,NO,NO,NO,NO,YES,FRAM,
GMRB6unh4,29.6,2,NO,NO,NO,NO,NO,YES,FRAM,
GMRB6unh4,36.6,2,NO,NO,NO,NO,NO,YES,FRAM,
GMRB6unh4,41.5,1,NO,NO,NO,NO,NO,YES,FRAM,
GMRB6unh4,35.9,2,NO,NO,NO,NO,NO,YES,FRAM,
GMRB6unh4,18.2,2,NO,NO,NO,NO,NO,YES,FRAM,
GMRB6unh4,35.6,2,NO,NO,NO,NO,NO,YES,FRAM,
GMRB6unh4,42.4,2,NO,NO,NO,NO,NO,YES,FRAM,
GMMTmat1,37.3,2,NO,NO,NO,NO,NO,NO,FRAM,
GMMTmat1,12.2,2,NO,NO,NO,NO,NO,NO,FRAM,
GMMTmat1,31.6,2,NO,NO,NO,NO,NO,NO,FRAM,
GMMTmat1,22.6,2,NO,NO,NO,NO,NO,NO,FRAM,
GMMTmat1,III,3,NO,NO,NO,NO,NO,NO,FRAM,
GMMTmat1,II,3,NO,NO,NO,NO,NO,NO,FRAM,
GMMTmat1,II,3,NO,NO,NO,NO,NO,NO,FRAM,
GMMTgap1,31.9,2,NO,NO,NO,NO,NO,YES,FRAM,
GMMTmat2,33.2,2,NO,NO,NO,NO,NO,NO,FRAM,
GMMTmat2,32.8,2,NO,NO,NO,NO,NO,YES,FRAM,
GMMTgap2,45.3,1,NO,NO,NO,YES,NO,NO,FRAM,
GMMTmat3,39.2,2,NO,NO,NO,NO,NO,NO,FRAM,
GMMTmat3,30.9,2,NO,NO,NO,NO,NO,YES,FRAM,
CH224mat2,29.3,1,NO,NO,NO,NO,NO,NO,FRAM,
CH224mat2,30.5,3,NO,YES,NO,NO,NO,NO,FRAM,
CH224mat2,31.2,2,NO,NO,NO,NO,NO,NO,FRAM,
CH224mat2,19.6,1,NO,NO,NO,NO,NO,NO,FRAM,
CH224mat3,31.5,2,NO,NO,NO,NO,NO,NO,FRAM,
CH224mat3,33.6,2,NO,NO,NO,NO,NO,NO,FRAM,
CH224mat3,46.9,1,NO,NO,NO,NO,NO,NO,FRAM,
CH224mat3,14.4,1,NO,NO,NO,NO,NO,NO,FRAM,
CH231unh1,50.7,2,NO,NO,NO,NO,NO,NO,FRAM,
CH231unh1,69.3,1,NO,YES,NO,NO,NO,YES,FRAM,
CH231unh1,50.3,2,NO,NO,NO,NO,NO,NO,FRAM,
CH231unh1,44.3,3,NO,YES,NO,YES,NO,YES,FRAM,
CH231unh1,45.2,1,NO,YES,NO,NO,NO,YES,FRAM,
GSF396mat2,44.2,2,NO,NO,NO,NO,NO,YES,FRAM,
JMP1mat1,33.5,2,NO,NO,NO,NO,NO,YES,FRAM,
JMP1mat1,27.3,2,NO,NO,NO,YES,NO,YES,FRAM,
JMP1mat1,29.9,2,NO,NO,NO,NO,NO,YES,FRAM,
JMP1mat1,21.7,2,NO,NO,NO,YES,YES,NO,FRAM,
JMP1mat1,26.2,2,NO,NO,NO,NO,NO,NO,FRAM,
JMP1mat1,22.4,3,NO,NO,NO,NO,NO,NO,FRAM,
JMP1mat1,27.3,2,NO,NO,NO,YES,NO,NO,FRAM,
JMP1mat1,27.3,1,NO,NO,NO,NO,NO,NO,FRAM,
JMP1mat1,29.5,2,NO,NO,NO,NO,NO,YES,FRAM,
JMP1mat2,33.6,2,NO,NO,NO,NO,NO,YES,FRAM,
JMP1mat2,29.6,2,NO,NO,NO,NO,NO,NO,FRAM,
JMP1mat2,26.1,3,NO,NO,NO,YES,NO,NO,FRAM,
JMP1mat2,28.1,2,NO,NO,NO,YES,NO,YES,FRAM,
JMP1mat2,39.7,2,NO,NO,NO,YES,NO,YES,FRAM,
JMP1mat3,29.2,1,NO,NO,NO,NO,NO,NO,FRAM,
JMP1mat3,47.1,2,NO,NO,NO,NO,NO,YES,FRAM,
JMP1mat4,28.2,2,NO,NO,NO,YES,NO,NO,FRAM,
JMP1mat4,24.6,5,NO,NO,YES,NO,YES,YES,FRAM,snag
JMP1mat4,33.4,2,NO,NO,NO,NO,NO,YES,FRAM,
JMP1mat4,25.5,1,NO,NO,NO,NO,NO,YES,FRAM,
JMP1mat4,27.5,2,NO,NO,NO,NO,NO,YES,FRAM,
JMP1mat4,36.1,5,NO,NO,YES,NO,NO,YES,FRAM,snag
GSF396mat1,44.4,3,NO,NO,NO,NO,NO,YES,FRAM,
GSF396mat1,37.6,2,NO,NO,NO,NO,NO,YES,FRAM,
GSF396mat1,41.5,2,NO,NO,YES,NO,NO,YES,FRAM,
GSF396mat1,36.9,2,NO,NO,NO,NO,NO,YES,FRAM,
GSF396mat1,35.5,2,NO,NO,NO,NO,NO,NO,FRAM,
GSF396mat1,44.1,3,NO,NO,NO,NO,YES,YES,FRAM,
GSF396mat3,50.8,2,NO,NO,YES,NO,NO,YES,FRAM,
GSF396mat4,55.9,2,NO,NO,NO,NO,NO,YES,FRAM,
GSF396mat5,43.2,3,NO,NO,NO,NO,NO,YES,FRAM,
GSF396mat5,55.8,1,NO,NO,NO,NO,YES,NO,FRAM,
MPunh1,33.3,2,NO,NO,NO,NO,NO,NO,FRAM,
MPunh1,28.5,1,NO,NO,NO,NO,NO,NO,FRAM,
MPunh1,32.9,2,NO,NO,NO,YES,NO,NO,FRAM,
MPunh1,22,2,NO,NO,NO,YES,NO,YES,FRAM,
MPunh1,38,2,NO,NO,NO,NO,NO,NO,FRAM,
MPunh1,19.1,2,NO,NO,NO,YES,NO,NO,FRAM,
MPunh2,41.8,2,NO,NO,NO,NO,NO,,FRAM,
MPunh2,46.7,2,NO,NO,NO,NO,NO,,FRAM,
MPunh3,41.7,1,NO,NO,NO,NO,NO,,FRAM,
MPunh3,51.4,2,NO,NO,NO,NO,NO,,FRAM,
MPunh3,50,2,NO,NO,NO,NO,NO,,FRAM,
MPunh3,25.3,1,NO,NO,NO,NO,NO,,FRAM,
MP1314mat2,50,1,NO,NO,NO,NO,NO,NO,FRAM,
MP1314mat2,22.7,1,NO,NO,NO,YES,NO,NO,FRAM,
MP1314mat3,12.2,1,NO,NO,NO,NO,NO,NO,FRAM,
MP1314mat3,11.3,1,NO,NO,NO,YES,NO,NO,FRAM,
MP1314mat3,22.8,2,NO,NO,NO,NO,NO,NO,FRAM,
MP1314mat3,I,1,NO,NO,NO,NO,NO,NO,FRAM,
MP1314mat3,10.2,1,NO,NO,NO,NO,NO,NO,FRAM,
MP1314mat3,24.3,1,NO,NO,NO,NO,NO,NO,FRAM,
MPunh4,37,2,NO,NO,NO,NO,NO,NO,FRAM,
MPunh4,49.5,2,NO,NO,NO,NO,NO,NO,FRAM,
MPunh4,36.7,2,NO,NO,NO,NO,NO,NO,FRAM,
MPunh4,38.3,2,NO,NO,NO,NO,NO,NO,FRAM,
CH224mat1,15.6,2,NO,NO,NO,NO,NO,NO,FRAM,
CH224mat1,23.8,2,NO,NO,NO,NO,NO,NO,FRAM,
CH224mat1,16.9,1,NO,NO,NO,NO,NO,NO,FRAM,
CH224mat1,22.6,2,NO,NO,NO,NO,NO,NO,FRAM,
CH224mat1,11.7,1,NO,NO,NO,YES,NO,NO,FRAM,
CH224mat1,16.1,1,NO,NO,NO,YES,NO,YES,FRAM,
CH224mat1,23.7,3,NO,NO,YES,NO,NO,NO,FRAM,
CH231unh2,32.2,2,NO,NO,NO,NO,NO,NO,FRAM,
CH231unh2,44.4,3,NO,NO,NO,NO,NO,NO,FRAM,
CH231unh2,40.1,2,NO,YES,NO,YES,NO,YES,FRAM,
CH231unh2,45.9,1,NO,NO,NO,NO,NO,NO,FRAM,
CH231unh2,28,1,NO,NO,NO,NO,NO,NO,FRAM,
CH231unh2,20.1,1,NO,NO,NO,NO,NO,NO,FRAM,
CH231unh3,40.7,1,NO,NO,NO,NO,NO,NO,FRAM,
CH231unh3,29.3,2,NO,NO,NO,YES,NO,NO,FRAM,
CH231unh3,33.5,2,NO,YES,NO,NO,NO,YES,FRAM,
CH231unh3,38.3,1,NO,NO,NO,NO,NO,NO,FRAM,
CH231unh3,39.2,2,NO,YES,NO,YES,NO,NO,FRAM,
CH231unh3,31.9,1,NO,NO,NO,YES,NO,NO,FRAM,
CH231unh3,38.1,2,NO,NO,NO,NO,NO,NO,FRAM,
CH231unh4,39.5,4,NO,NO,NO,NO,NO,NO,FRAM,
CH231unh4,40.9,3,NO,NO,NO,NO,NO,NO,FRAM,
CH231unh4,30,3,NO,NO,NO,NO,NO,NO,FRAM,
CWEunh1,33.9,2,NO,NO,NO,NO,NO,NO,FRAM,
CWEunh1,37.7,1,NO,NO,NO,NO,NO,NO,FRAM,
CWEunh1,38.2,1,NO,NO,NO,NO,NO,YES,FRAM,some bark blonding
CWEunh2,33.8,2,NO,NO,NO,NO,NO,YES,FRAM,
CWEunh2,36.9,2,NO,NO,NO,NO,NO,NO,FRAM,
CWEunh2,40.2,3,NO,NO,NO,NO,NO,NO,FRAM,
CWEunh2,39.5,2,NO,NO,NO,NO,NO,NO,FRAM,
CWEunh2,45.2,2,NO,NO,NO,NO,NO,YES,FRAM,
CWEunh2,37.8,2,NO,NO,NO,NO,NO,YES,FRAM,
CWEunh2,51.5,2,NO,NO,NO,NO,NO,YES,FRAM,
CWEunh3,40.2,2,NO,NO,NO,NO,NO,NO,FRAM,
CWEunh3,42.1,1,NO,NO,NO,NO,NO,NO,FRAM,
CWEunh3,24.5,2,NO,NO,NO,NO,NO,YES,FRAM,
CWEunh3,31.8,2,NO,NO,NO,YES,NO,YES,FRAM,
CWEunh3,34.4,1,NO,NO,NO,NO,NO,YES,FRAM,
CWEunh3,35.8,2,NO,NO,NO,NO,NO,YES,FRAM,
CWEunh3,34,1,NO,NO,NO,NO,NO,YES,FRAM,
CWEunh3,36,1,NO,NO,NO,NO,NO,YES,FRAM,
CWEunh3,25.5,1,NO,NO,NO,NO,NO,NO,FRAM,
CWEunh3,28.4,1,NO,NO,NO,NO,NO,YES,FRAM,
CWEunh4,25.1,2,NO,NO,NO,NO,NO,NO,FRAM,
CWEunh4,31.5,1,NO,NO,NO,NO,NO,NO,FRAM,
CWEunh4,35.5,2,NO,NO,NO,NO,NO,NO,FRAM,
CWEunh4,42.5,2,NO,NO,NO,NO,NO,YES,FRAM,
CWEunh4,22.2,3,NO,NO,NO,NO,NO,NO,FRAM,
CWEunh4,27.5,1,NO,NO,NO,NO,NO,YES,FRAM,
CWEunh4,19.4,2,NO,NO,NO,NO,NO,YES,FRAM,
CWEunh4,18.7,2,NO,NO,NO,NO,NO,YES,FRAM,
CWEunh4,31.7,2,NO,NO,NO,NO,NO,NO,FRAM,
CWEunh4,18,2,NO,NO,NO,NO,NO,NO,FRAM,
CWEunh4,23.1,2,NO,NO,NO,YES,NO,YES,FRAM,
CWEunh4,25.5,3,NO,NO,NO,NO,NO,YES,FRAM,
CWEunh4,35.4,2,NO,NO,NO,NO,NO,YES,FRAM,
JNPunh1,24.3,2,NO,NO,NO,NO,NO,NO,FRNI,black ash
JNPunh1,18.2,2,NO,NO,NO,NO,NO,NO,FRNI,
JNPunh1,24,3,NO,NO,NO,NO,NO,NO,FRNI,
JNPunh1,33.4,2,NO,NO,NO,NO,NO,YES,FRAM,
JNPunh1,19.1,2,NO,NO,NO,NO,NO,NO,FRAM,
JNPunh1,III,2,NO,NO,NO,NO,NO,NO,FRNI,
JNPunh1,27.4,2,NO,NO,NO,NO,NO,YES,FRAM,
JNPunh1,28.3,1,NO,NO,NO,NO,NO,NO,FRAM,
JNPunh1,14.2,1,NO,NO,NO,NO,NO,NO,FRNI,
JNPunh1,30.3,2,NO,NO,NO,NO,NO,NO,FRAM,
JNPunh1,20.8,2,NO,NO,NO,NO,NO,NO,FRAM,
JNPunh2,21.9,2,NO,NO,NO,NO,NO,NO,FRNI,black ash
JNPunh2,38.1,1,NO,NO,NO,NO,NO,NO,FRAM,
JNPunh2,11.7,?,NO,NO,NO,NO,NO,NO,FRAM,
JNPunh2,36.2,2,NO,NO,NO,YES,NO,NO,FRNI,
JNPunh2,37.8,2,NO,NO,NO,NO,NO,NO,FRNI,
JNPunh2,36.4,2,NO,NO,NO,NO,NO,NO,FRAM,
JNPunh2,26.1,1,NO,NO,NO,NO,NO,NO,FRAM,
JNPunh2,43.4,2,NO,NO,NO,NO,NO,YES,FRAM,
JNPunh3,39.3,1,NO,NO,NO,NO,NO,NO,FRAM,
JNPunh3,49.1,2,NO,NO,NO,NO,NO,NO,FRAM,
JNPunh3,19.9,2,NO,NO,NO,YES,NO,NO,FRAM,
JNPunh3,11.8,2,NO,NO,NO,YES,NO,YES,FRNI,black ash
JNPunh3,12.9,1,NO,NO,NO,YES,NO,NO,FRAM,
JNPunh3,22,3,NO,NO,NO,YES,NO,NO,FRAM,
JNPunh3,50.9,3,NO,NO,NO,NO,NO,NO,FRAM,
JNPunh3,23.2,2,NO,NO,NO,NO,NO,NO,FRNI,
JNPunh4,27.5,3,NO,NO,NO,NO,NO,NO,FRAM,
JNPunh4,27.3,2,NO,NO,NO,NO,NO,NO,FRAM,
JNPunh4,21.2,2,NO,NO,NO,NO,NO,NO,FRAM,
JNPunh4,24.5,2,NO,NO,NO,NO,NO,NO,FRAM,
JNPunh4,16.8,2,NO,NO,NO,NO,NO,NO,FRAM,
JNPunh4,25.8,2,NO,NO,NO,NO,NO,NO,FRNI,black ash
JNPunh4,31.3,2,NO,NO,NO,NO,NO,NO,FRAM,
JNPunh4,33,2,NO,NO,NO,NO,NO,NO,FRAM,
JNPunh4,29.8,2,NO,NO,NO,NO,NO,NO,FRNI,
JNPunh4,27,1,NO,NO,NO,NO,NO,NO,FRAM,
JNPunh4,24.4,2,NO,NO,NO,YES,NO,NO,FRNI,
JNPunh4,13.8,1,NO,NO,NO,NO,NO,NO,FRNI,
JNPunh4,22.8,1,NO,NO,NO,YES,NO,NO,FRAM,
JMP7mat1,34.8,1,NO,YES,NO,NO,NO,NO,FRAM,
JMP7mat1,34.6,1,NO,NO,NO,NO,NO,NO,FRAM,
JMP7mat2,36.6,1,NO,NO,NO,NO,NO,YES,FRAM,
JMP7mat2,39.2,5,NO,NO,YES,NO,NO,YES,FRAM,
JMP7mat2,34.3,1,NO,NO,YES,NO,NO,YES,FRAM,
JMP7mat2,39.9,1,NO,NO,YES,NO,NO,YES,FRAM,
JMP7mat2,36.1,1,NO,NO,NO,NO,NO,YES,FRAM,
JMP7mat3,42.6,1,NO,NO,YES,NO,NO,YES,FRAM,
JMP7mat3,30.9,3,NO,NO,NO,NO,NO,YES,FRAM,
JMP7mat3,47.6,1,NO,NO,NO,NO,NO,YES,FRAM,
JMP3unh1,43.4,2,NO,NO,NO,NO,NO,NO,FRAM,
JMP3unh1,38.5,1,NO,NO,NO,NO,NO,NO,FRAM,
JMP3unh1,40.5,3,NO,NO,NO,YES,NO,NO,FRAM,
JMP3unh1,40.5,2,NO,NO,NO,YES,NO,YES,FRAM,
HSP118unh1,70.6,2,NO,NO,NO,NO,NO,YES,FRAM,
HSP118unh1,45.7,2,NO,NO,YES,NO,NO,YES,FRAM,
HSP118unh1,45.2,2,NO,NO,NO,NO,NO,YES,FRAM,
HSP118unh2,28.8,3,NO,NO,NO,YES,YES,YES,FRAM,
HSP118unh2,26.9,2,NO,NO,NO,NO,NO,YES,FRAM,
HSP118unh3,57.5,2,NO,NO,YES,NO,NO,NO,FRAM,
HSP118unh3,52.6,2,NO,NO,YES,NO,NO,NO,FRAM,
HSP118unh3,42.1,2,NO,NO,YES,NO,NO,YES,FRAM,
HSP118unh4,12,3,NO,NO,NO,YES,NO,NO,FRAM,
HSP118unh4,19.8,2,NO,NO,NO,NO,NO,NO,FRAM,
HSP118unh4,31.8,2,NO,NO,NO,NO,NO,NO,FRAM,
HSP118unh4,60.5,2,NO,YES,NO,NO,NO,YES,FRAM,
HSP118unh4,12.6,5,NO,NO,NO,YES,YES,NO,FRAM,*
HSP118unh4,12.4,5,NO,NO,,YES,YES,,FRAM,
MSF3111unh1,25.5,2,NO,NO,NO,NO,NO,YES,FRAM,
MSF3111unh1,11.9,5,NO,NO,NO,YES,YES,NO,FRAM,
MSF3111unh1,33.5,2,NO,NO,NO,NO,NO,YES,FRAM,
MSF3111unh2,48.3,2,NO,NO,NO,NO,NO,YES,FRAM,
MSF3111unh2,31,2,NO,NO,NO,NO,NO,YES,FRAM,
MSF3111unh2,43.6,2,NO,NO,YES,NO,NO,YES,FRAM,
MSF3111unh2,33.3,2,NO,NO,NO,YES,NO,NO,FRAM,
MSF3111unh3,16.2,2,NO,NO,NO,YES,NO,NO,FRAM,
MSF3111unh3,11.4,2,NO,NO,NO,NO,NO,NO,FRAM,
MSF3111unh3,11.6,2,NO,NO,NO,NO,NO,NO,FRAM,
MSF3111unh3,12.9,2,NO,NO,YES,NO,NO,YES,FRAM,
MSF3111unh3,11.6,2,NO,NO,NO,NO,NO,NO,FRAM,
MSF3111unh3,12,2,NO,NO,NO,NO,NO,NO,FRAM,
MSF3111unh3,19.2,2,NO,NO,NO,NO,NO,NO,FRAM,
MSF3111unh3,19.8,2,NO,NO,NO,NO,NO,NO,FRAM,
MSF3111unh3,28.6,2,NO,NO,NO,NO,NO,YES,FRAM,
MSF3111unh3,13,2,NO,NO,NO,NO,NO,NO,FRAM,
MSF3111unh4,20.5,2,NO,NO,YES,NO,NO,NO,FRAM,
MSF3111unh4,17.5,2,NO,NO,NO,NO,NO,NO,FRAM,
MSF3111unh4,12.7,2,NO,NO,NO,NO,NO,NO,FRAM,
MSF3111unh4,15,2,NO,NO,NO,NO,NO,NO,FRAM,
MSF3111unh4,12.6,,NO,NO,NO,NO,NO,NO,FRAM,
MSF3111unh4,17.7,2,NO,NO,NO,NO,YES,NO,FRAM,
MSF3111unh4,15.5,2,NO,NO,NO,NO,NO,YES,FRAM,
MSF3111unh4,14.7,2,NO,NO,NO,NO,NO,NO,FRAM,
MSF3111unh4,III,1,NO,NO,NO,YES,NO,NO,FRAM,
MSF3111unh4,12.6,2,NO,NO,NO,NO,NO,NO,FRAM,
MSF3111unh4,17.3,2,NO,NO,NO,NO,NO,NO,FRAM,
MSF3111unh4,15.1,2,NO,NO,YES,YES,NO,NO,FRAM,
MSF3111unh4,21,2,NO,NO,NO,NO,NO,YES,FRAM,
MSF3111unh4,III,2,NO,NO,NO,YES,NO,NO,FRAM,
TNCLPmat1,26.3,2,NO,NO,NO,NO,NO,NO,FRAM,
TNCLPmat1,38.9,2,NO,NO,NO,NO,NO,NO,FRAM,
TNCLPmat1,26,1,NO,NO,NO,NO,NO,NO,FRAM,
TNCLPmat2,32.1,2,NO,NO,NO,NO,NO,YES,FRAM,
TNCLPmat2,34.7,2,NO,NO,NO,NO,NO,YES,FRAM,
TNCLPmat2,21.4,2,NO,NO,NO,NO,NO,NO,FRAM,
TNCLPmat2,33.1,2,NO,NO,YES,NO,NO,YES,FRAM,
TNCLPmat2,28.2,2,NO,NO,NO,NO,NO,YES,FRAM,
TNCLPmat3,11.2,2,NO,NO,NO,NO,NO,NO,FRAM,
TNCLPmat3,12,2,NO,NO,NO,NO,NO,NO,FRAM,
TNCLPmat3,12.1,3,NO,NO,NO,NO,NO,NO,FRAM,
TNCLPmat3,13.3,2,NO,NO,NO,NO,NO,NO,FRAM,
TNCLPgap3,16.9,5,NO,NO,NO,NO,NO,YES,FRAM,dead (DC 1)
TNCLPgap3,20.5,5,NO,NO,NO,NO,NO,NO,FRAM,dead (DC 1)
TNCLPgap3,26.9,2,NO,NO,YES,NO,NO,YES,FRAM,
TNCLPgap3,25.1,2,NO,NO,NO,NO,NO,YES,FRAM,
TNCLPgap3,26.4,2,NO,NO,NO,NO,NO,YES,FRAM,
TNCLPgap3,26.4,1,NO,NO,NO,NO,NO,NO,FRAM,
TNCLPgap3,28,1,NO,NO,NO,NO,NO,YES,FRAM,
TNCLPunh1,43.9,2,NO,NO,NO,YES,NO,NO,FRAM,
TNCLPunh1,43.1,2,NO,NO,NO,NO,NO,NO,FRAM,
TNCLPunh1,34.2,3,NO,NO,YES,NO,NO,NO,FRAM,
TNCLPunh1,43.3,3,NO,NO,NO,YES,NO,NO,FRAM,
TNCLPunh2,59.9,2,NO,NO,NO,NO,NO,YES,FRAM,
TNCLPunh2,63.6,2,NO,NO,NO,YES,NO,YES,FRAM,
TNCLPunh2,45.2,3,NO,NO,NO,YES,NO,YES,FRAM,
TNCLPunh3,30.5,2,NO,NO,NO,NO,NO,YES,FRAM,
TNCLPunh3,18.8,1,NO,NO,NO,NO,NO,NO,FRAM,
TNCLPunh3,20.9,2,NO,NO,NO,NO,NO,NO,FRAM,
TNCLPunh3,30.3,1,NO,NO,NO,NO,NO,NO,FRAM,
TNCLPunh3,45.7,3,NO,NO,NO,YES,NO,YES,FRAM,
TNCLPunh4,30.9,2,NO,NO,NO,NO,NO,NO,FRAM,
TNCLPunh4,27.6,1,NO,NO,NO,NO,NO,NO,FRAM,
TNCLPunh4,23.3,2,NO,NO,NO,NO,NO,YES,FRAM,
SWunh1,31.8,2,NO,NO,NO,NO,NO,YES,FRAM,
SWunh1,33,1,NO,NO,NO,NO,NO,YES,FRAM,
SWunh1,30.1,2,NO,NO,NO,NO,NO,YES,FRAM,
SWunh1,34.4,1,NO,NO,NO,NO,NO,YES,FRAM,
SWunh1,41.2,1,NO,NO,YES,NO,NO,YES,FRAM,
SWunh1,21.6,1,NO,NO,NO,NO,NO,NO,FRAM,
SWunh1,25.8,1,NO,NO,NO,NO,NO,NO,FRAM,
SWunh2,44.1,1,NO,NO,NO,NO,NO,YES,FRAM,
SWunh2,35,2,NO,NO,NO,NO,NO,YES,FRAM,
SWunh2,29.2,2,NO,NO,YES,YES,NO,NO,FRAM,
SWunh3,33,2,NO,NO,NO,NO,NO,YES,FRAM,
SWunh3,41,2,NO,NO,NO,NO,NO,NO,FRAM,
SWunh3,24.6,3,NO,NO,NO,NO,NO,YES,FRAM,
SWunh4,20.5,2,NO,NO,NO,NO,NO,NO,FRAM,
SWunh4,17.2,2,NO,NO,NO,NO,NO,NO,FRAM,
SWunh4,16.8,2,NO,NO,NO,NO,NO,NO,FRAM,
SWunh4,14.1,2,NO,NO,NO,NO,NO,NO,FRAM,
SWunh4,18.2,2,NO,NO,NO,NO,NO,NO,FRAM,
SWunh4,III,1,NO,NO,NO,NO,NO,NO,FRAM,
SWunh4,23.9,2,NO,NO,YES,NO,NO,NO,FRAM,
SWunh4,10.7,2,NO,NO,NO,YES,NO,NO,FRAM,
OMSFHRmat3,45.7,2,NO,NO,NO,NO,NO,YES,FRAM,
OMSFSCHgap1,I,1,NO,NO,NO,NO,NO,NO,FRAM,
OMSFSCHmat3,30.4,1,NO,NO,YES,YES,NO,YES,FRAM,
OMSFCRmat1,10.7,2,NO,NO,NO,YES,NO,YES,FRAM,
OMSFCRmat1,12.6,2,NO,NO,NO,NO,NO,YES,FRAM,
OMSFCRmat1,I,2,NO,NO,NO,NO,NO,NO,FRAM,
OMSFCRmat1,13.5,1,NO,NO,NO,NO,NO,YES,FRAM,
OMSFCRmat1,18.2,2,NO,NO,NO,NO,NO,NO,FRAM,
OMSFCRgap1,10.8,5,NO,NO,YES,YES,NO,NO,FRAM,
OMSFCRgap1,21.4,2,NO,NO,NO,NO,NO,NO,FRAM,
OMSFCRgap1,III,2,NO,NO,NO,YES,NO,NO,FRAM,
OMSFCRgap1,11.6,2,NO,NO,NO,YES,NO,YES,FRAM,
OMSFCRgap1,14.4,1,NO,NO,YES,YES,NO,YES,FRAM,
OMSFCRgap1,19.7,2,NO,NO,NO,NO,NO,YES,FRAM,
OMSFCRgap1,13.9,2,NO,YES,YES,YES,YES,YES,FRAM,
OSFCD1mat1,65.4,2,NO,NO,YES,YES,NO,YES,FRAM,
OSFCD1mat1,24.7,2,NO,YES,YES,NO,NO,YES,FRAM,
OSFCD1mat1,43.6,2,NO,YES,YES,NO,NO,YES,FRAM,
OSFCD1mat2,30.9,2,NO,NO,NO,YES,NO,YES,FRAM,
OSFCD1mat2,33.2,2,NO,NO,NO,YES,YES,YES,FRAM,
OSFCD1mat2,81.2,2,NO,YES,NO,YES,YES,YES,FRAM,
OSFCD1gap3,19.9,2,NO,YES,NO,YES,NO,YES,FRAM,
OSFCD1gap3,30.3,2,NO,YES,NO,YES,NO,YES,FRAM,
OSFCD1mat3,21,3,NO,NO,NO,NO,NO,YES,FRAM,
OSFCD1mat3,28.8,2,NO,NO,NO,YES,NO,YES,FRAM,
OSFCD3unh1,34.6,2,NO,NO,YES,NO,NO,YES,FRAM,
OSFCD3unh1,32.3,2,NO,NO,NO,YES,NO,NO,FRAM,
OSFCD3unh2,54.8,2,NO,NO,NO,YES,NO,YES,FRAM,
OSFCD3unh2,48.3,1,NO,NO,NO,NO,NO,NO,FRAM,
OSFCD3unh2,47.4,2,NO,NO,NO,NO,NO,YES,FRAM,* marked to be cut
OSFCD3unh2,35.8,2,NO,NO,YES,YES,NO,YES,FRAM,
OSFCD3unh2,44.3,2,NO,NO,NO,YES,NO,YES,FRAM,
OSFCD3unh2,28.7,1,NO,NO,NO,NO,NO,NO,FRAM,
OSFCD3unh2,44.8,1,NO,NO,NO,NO,NO,YES,FRAM,
OSFCD3unh3,47.8,2,NO,NO,NO,NO,NO,YES,FRAM,
OSFCD3unh3,61.5,1,NO,NO,YES,NO,NO,YES,FRAM,
OSFCD3unh3,52.2,1,NO,NO,NO,YES,NO,YES,FRAM,
OSFCD3unh3,55.3,2,NO,NO,NO,YES,NO,YES,FRAM,
OSFCD3unh4,38.6,2,NO,NO,NO,NO,NO,NO,FRAM,
OSFCD3unh4,49.5,1,NO,NO,NO,NO,NO,NO,FRAM,
OSFCD3unh4,20.8,3,NO,NO,NO,YES,NO,NO,FRAM,
OSFCD3unh4,41.6,1,NO,NO,NO,NO,NO,YES,FRAM,
OMSFCRgap3,15.6,2,NO,NO,NO,NO,NO,NO,FRAM,
OMSFCRgap3,10.7,2,NO,NO,NO,NO,NO,NO,FRAM,
OMSFCRgap3,III,2,NO,NO,NO,NO,YES,NO,FRAM,
OMSFCRgap3,III,1,NO,NO,NO,NO,NO,NO,FRAM,
OMSFCRgap3,I,1,NO,NO,YES,NO,NO,NO,FRAM,
OMSFCRmat3,I,1,NO,NO,NO,NO,NO,NO,FRAM,
OMSFCRmat3,I,2,NO,NO,NO,NO,NO,NO,FRAM,
OMSFCRmat3,I,2,NO,NO,NO,NO,NO,NO,FRAM,
OMSFCRmat3,I,2,NO,NO,NO,NO,NO,NO,FRAM,
OMSFCRmat3,I,2,NO,NO,NO,NO,NO,NO,FRAM,
OMSFCRmat3,I,1,NO,NO,NO,NO,NO,NO,FRAM,
OMSFCRmat3,II,2,NO,NO,NO,NO,NO,NO,FRAM,
OMSFCRmat3,I,1,NO,NO,NO,NO,NO,NO,FRAM,
OMSFCRmat3,I,1,NO,NO,NO,NO,NO,NO,FRAM,
OMSFCRmat3,I,1,NO,NO,NO,NO,NO,NO,FRAM,
OMSFCRmat3,I,2,NO,NO,NO,NO,NO,NO,FRAM,
PSFPMHgap1,40.6,2,NO,NO,NO,NO,NO,YES,FRAM,
PSFPMHgap1,21.7,2,NO,NO,NO,YES,NO,YES,FRAM,
PSFPMHgap1,33.2,1,NO,NO,YES,NO,NO,YES,FRAM,
PSFPMHgap1,40.2,2,NO,NO,NO,NO,NO,NO,FRAM,
PSFPMHmat1,37.6,2,NO,NO,NO,NO,NO,YES,FRAM,
PSFPMHmat1,29.9,2,NO,NO,NO,NO,NO,YES,FRAM,
PSFPMHmat1,19.1,5,NO,NO,NO,NO,NO,NO,FRAM,
PSFPMHmat1,24.6,2,NO,NO,YES,YES,NO,YES,FRAM,
PSFPMHmat2,38.3,2,NO,NO,NO,NO,NO,YES,FRAM,
PSFPMHmat2,36.6,4,NO,YES,NO,YES,YES,YES,FRAM,
PSFPMHmat2,17.7,5,NO,YES,NO,NO,YES,NO,FRAM,
PSFPMHmat2,41.6,1,NO,NO,NO,YES,NO,YES,FRAM,
PSFPMHmat2,48.9,2,NO,NO,NO,NO,NO,YES,FRAM,
PSFPMHmat2,44.3,3,NO,YES,NO,YES,YES,NO,FRAM,
PSFPMHmat3,36.2,2,NO,NO,NO,NO,NO,YES,FRAM,
PSFPMHmat3,26.1,1,NO,YES,NO,YES,NO,YES,FRAM,
PSFPMHmat3,36.7,3,NO,NO,NO,YES,NO,NO,FRAM,
BRSPunh1,73.4,2,NO,NO,NO,NO,NO,YES,FRAM,
BRSPunh1,30.1,2,NO,NO,NO,NO,NO,NO,FRAM,
BRSPunh2,18.7,2,NO,NO,NO,NO,NO,NO,FRAM,
BRSPunh2,45.6,2,NO,NO,NO,NO,NO,NO,FRAM,
BRSPunh2,18.8,2,NO,NO,NO,YES,NO,NO,FRAM,
BRSPunh2,11.4,1,NO,NO,NO,NO,NO,NO,FRAM,
BRSPunh2,46.6,2,NO,NO,NO,YES,NO,NO,FRAM,
BRSPunh2,16.2,5,NO,NO,NO,NO,NO,NO,FRAM,
BRSPunh2,25.8,1,NO,NO,YES,YES,NO,NO,FRAM,
BRSPunh2,34.6,2,NO,NO,NO,NO,NO,NO,FRAM,
BRSPunh2,49.9,2,NO,NO,NO,YES,NO,NO,FRAM,
BRSPunh2,35.7,1,NO,NO,NO,NO,NO,NO,FRAM,
BRSPunh3,17.8,1,NO,NO,NO,NO,NO,NO,FRNI,black ash
BRSPunh3,17.4,1,NO,NO,NO,YES,NO,NO,FRAM,
BRSPunh3,18.6,2,NO,NO,NO,NO,NO,NO,FRAM,
BRSPunh3,28.8,1,NO,NO,NO,NO,NO,YES,FRAM,
BRSPunh3,12.3,5,NO,NO,NO,YES,YES,NO,FRAM,
BRSPunh3,23.6,1,NO,NO,NO,NO,NO,YES,FRAM,
BRSPunh3,30.5,2,NO,NO,NO,NO,NO,YES,FRAM,
BRSPunh3,26.4,1,NO,NO,NO,NO,NO,YES,FRAM,
BRSPunh4,23.2,2,NO,NO,NO,YES,NO,NO,FRAM,
BRSPunh4,31.7,3,NO,NO,NO,NO,NO,NO,FRAM,
BRSPunh4,26.4,2,NO,NO,NO,NO,NO,NO,FRAM,
BRSPunh4,31.2,2,NO,NO,NO,NO,NO,NO,FRAM,
GMSSmat1,34.3,3,NO,NO,NO,NO,NO,YES,FRAM,
GMSSmat1,29.8,2,NO,NO,NO,YES,NO,NO,FRAM,
GMSSmat1,17.6,3,NO,NO,NO,NO,NO,NO,FRAM,
GMSSmat1,23.1,3,NO,NO,NO,YES,NO,YES,FRAM,
GMSSmat2,23.3,3,NO,NO,NO,YES,NO,NO,FRAM,
GMSSmat2,20.6,3,NO,NO,NO,YES,YES,NO,FRAM,
GMSSmat3,31.8,3,NO,NO,NO,NO,NO,YES,FRAM,
GMSSmat3,38.3,3,NO,NO,NO,NO,NO,YES,FRAM,
GMSSmat3,32.4,2,NO,NO,NO,YES,NO,YES,FRAM,
GMSSgap3,20.7,2,NO,NO,NO,NO,NO,YES,FRAM,
GMCBmat1,27.8,3,NO,NO,NO,NO,NO,NO,FRAM,
GMCBmat1,18.5,3,NO,NO,NO,YES,NO,NO,FRAM,
GMCBmat1,31.1,2,NO,NO,YES,NO,NO,NO,FRAM,
GMCBmat1,44,2,NO,NO,NO,NO,NO,NO,FRAM,
GMCBmat1,38,2,NO,NO,NO,NO,NO,NO,FRAM,
DHSPmat1,67.1,3,NO,NO,NO,NO,NO,YES,FRAM,
DHSPmat2,41.1,2,NO,NO,NO,NO,NO,NO,FRAM,
DHSPmat2,14.2,4,NO,YES,NO,YES,YES,NO,FRAM,
DHSPmat2,48.1,2,NO,NO,NO,NO,NO,NO,FRAM,
DHSPmat3,71,3,NO,NO,NO,YES,NO,YES,FRAM,
HMSPunh1,63.8,2,NO,NO,NO,NO,NO,YES,FRAM,
HMSPunh1,39.1,2,NO,NO,NO,NO,NO,YES,FRAM,
HMSPunh1,37.7,2,NO,NO,NO,NO,NO,NO,FRAM,
HMSPunh1,39.2,2,NO,NO,NO,YES,NO,YES,FRAM,
HMSPunh1,43.1,3,NO,NO,NO,NO,NO,YES,FRAM,
HMSPunh1,33.4,2,NO,NO,NO,NO,NO,YES,FRAM,
HMSPunh2,13.1,2,NO,NO,NO,YES,NO,NO,FRAM,
HMSPunh2,11.8,3,NO,NO,YES,NO,NO,NO,FRAM,
HMSPunh2,11.5,2,NO,NO,YES,NO,NO,NO,FRAM,
HMSPunh2,47.2,2,NO,NO,NO,NO,NO,NO,FRAM,
HMSPunh2,12.2,5,NO,NO,YES,YES,YES,NO,FRAM,
HMSPunh2,33.3,2,NO,NO,NO,YES,NO,NO,FRAM,
HMSPunh2,10.6,3,NO,NO,YES,YES,YES,NO,FRAM,
HMSPunh2,21.9,2,NO,NO,NO,YES,NO,NO,FRAM,
HMSPunh2,III,4,,,,,,,FRAM,
HMSPunh3,48,4,NO,NO,YES,NO,NO,YES,FRAM,
HMSPunh3,53.5,2,NO,NO,YES,NO,NO,YES,FRAM,
HMSPunh3,43,3,NO,NO,YES,YES,NO,YES,FRAM,
HMSPunh3,24.2,3,NO,NO,NO,NO,NO,NO,FRAM,
HMSPunh3,38.7,4,NO,NO,NO,YES,NO,NO,FRAM,
HMSPunh3,29.5,4,?,NO,YES,YES,NO,YES,FRAM,
HMSPunh3,51.2,2,NO,NO,YES,YES,NO,YES,FRAM,
HMSPunh3,33.7,2,NO,NO,NO,YES,NO,YES,FRAM,
HMSPunh3,28.6,1,NO,NO,YES,YES,NO,YES,FRAM,
HMSPunh3,35.4,3,NO,NO,NO,YES,NO,YES,FRAM,
HMSPunh3,37.4,2,NO,NO,NO,NO,NO,YES,FRAM,
HMSPunh3,47.1,3,NO,NO,NO,NO,NO,YES,FRAM,
HMSPunh4,41.8,2,NO,NO,NO,NO,NO,YES,FRAM,
HMSPunh4,43.1,2,NO,NO,NO,NO,NO,YES,FRAM,
HMSPunh4,30.6,1,NO,NO,NO,NO,NO,YES,FRAM,
HMSPunh4,28.6,1,NO,NO,NO,NO,NO,NO,FRAM,
HSF161mat1,43.1,5,YES,NO,NO,YES,NO,YES,FRAM,
HSF161mat1,25.3,2,NO,NO,NO,YES,NO,YES,FRAM,
HSF161mat2,52,2,NO,NO,NO,NO,NO,NO,FRAM,
HSF161mat2,57.9,3,NO,NO,NO,NO,NO,YES,FRAM,
HSF161mat3,19.7,5,NO,YES,NO,NO,NO,YES,FRAM,
HSF161mat3,24.5,5,YES,YES,NO,YES,NO,YES,FRAM,
HSF161mat3,42.4,5,NO,YES,YES,YES,NO,YES,FRAM,
ASF114unh1,40.4,5,YES,YES,NO,YES,NO,YES,FRAM,
ASF114unh1,36.2,5,YES,YES,YES,YES,NO,YES,FRAM,
ASF114unh1,44.3,4,NO,YES,NO,YES,NO,YES,FRAM,
ASF114unh2,72.1,1,NO,NO,NO,NO,NO,YES,FRAM,
ASF114unh2,71.9,3,NO,NO,NO,NO,NO,YES,FRAM,
ASF114unh2,43.8,4,NO,NO,NO,NO,NO,YES,FRAM,
ASF114unh3,44.9,5,NO,YES,NO,YES,NO,YES,FRAM,
ASF114unh3,50.5,3,NO,NO,NO,YES,NO,YES,FRAM,
ASF114unh3,41.3,5,NO,NO,NO,YES,NO,YES,FRAM,
ASF114unh3,40.4,2,NO,NO,NO,NO,NO,NO,FRAM,
ASF114unh3,47.7,3,NO,NO,NO,NO,NO,YES,FRAM,
ASF114unh3,47.2,4,NO,NO,YES,NO,NO,YES,FRAM,
ASF114unh3,48.6,4,NO,NO,NO,NO,NO,YES,FRAM,
ASF114unh4,66,4,NO,NO,NO,NO,NO,YES,FRAM,
ASF114unh4,56.2,1,NO,NO,NO,NO,NO,NO,FRAM,
SSFYL2mat1,35.1,5,NO,NO,NO,YES,NO,YES,FRAM,
SSFYL2gap1,32.6,3,NO,NO,NO,YES,NO,NO,FRAM,
SSFYL2gap1,43.2,3,NO,NO,NO,YES,NO,YES,FRAM,
SSFYL2mat2,82.9,3,NO,NO,YES,YES,NO,YES,FRAM,
SSFYL2mat2,71.1,4,NO,NO,NO,YES,NO,YES,FRAM,
SSFYL2mat3,20.9,2,NO,NO,NO,YES,NO,NO,FRAM,
SSFYL2mat3,20.8,3,NO,NO,YES,YES,NO,NO,FRAM,
SSFYL2mat3,21.4,2,NO,NO,YES,YES,NO,NO,FRAM,
SSFYL2gap2,12.4,2,NO,NO,YES,NO,NO,NO,FRAM,
SSFYL2gap3,67,3,NO,YES,YES,YES,NO,YES,FRAM,
TSF49unh1,51.3,3,NO,NO,NO,NO,NO,NO,FRAM,
TSF49unh1,27.9,3,NO,NO,NO,YES,NO,YES,FRAM,
TSF49unh1,36.7,3,NO,NO,YES,NO,NO,NO,FRAM,
TSF49unh1,36.6,3,NO,NO,NO,NO,NO,YES,FRAM,
TSF49unh2,54.4,3,NO,NO,NO,YES,NO,NO,FRAM,
TSF49unh2,21.8,3,NO,NO,YES,YES,NO,NO,FRAM,
TSF49unh2,17.4,3,NO,NO,NO,YES,YES,YES,FRAM,
TSF49unh2,47.9,3,NO,NO,YES,NO,NO,YES,FRAM,
TSF49unh2,21.2,5,YES,NO,YES,YES,YES,YES,FRAM,
TSF49unh2,38.5,3,NO,NO,NO,NO,NO,YES,FRAM,
TSF49unh2,37.9,3,NO,NO,YES,YES,NO,NO,FRAM,
TSF49unh2,45.1,3,NO,NO,YES,NO,NO,NO,FRAM,
TSF49unh2,37,2,NO,NO,NO,NO,NO,NO,FRAM,
TSF49unh3,31.9,3,NO,NO,NO,YES,NO,YES,FRAM,
TSF49unh3,28.9,2,NO,NO,YES,NO,NO,YES,FRAM,
TSF49unh3,46.7,3,NO,YES,NO,NO,NO,NO,FRAM,
TSF49unh3,29.9,3,NO,NO,NO,NO,NO,YES,FRAM,
TSF49unh3,37,3,NO,NO,YES,YES,NO,NO,FRAM,
TSF49unh4,64.8,3,NO,NO,NO,NO,NO,YES,FRAM,
TSF49unh4,17,2,NO,NO,NO,YES,NO,YES,FRAM,
TSF49unh4,31.3,3,NO,NO,NO,YES,NO,YES,FRAM,
TSF49unh4,34.3,3,NO,NO,NO,YES,NO,NO,FRAM,
TSF49unh4,13,3,NO,NO,YES,YES,YES,YES,FRAM,
TSF49unh4,24.6,3,NO,NO,NO,YES,NO,YES,FRAM,
TSF49unh4,34.6,3,NO,NO,NO,NO,NO,NO,FRAM,
TSF49unh4,35.5,3,NO,NO,NO,NO,NO,NO,FRAM,
TSF49unh4,32.9,2,NO,YES,NO,NO,NO,NO,FRAM,
OMSFSH14mat2,52.6,3,NO,NO,NO,YES,NO,YES,FRAM,
OMSFSH14mat3,54,3,NO,YES,NO,YES,NO,YES,FRAM,
OMSFSH17mat1,21.8,5,NO,NO,NO,YES,NO,YES,FRAM,
OMSFSH17mat1,20.5,4,NO,NO,NO,YES,NO,NO,FRAM,
OMSFSH17mat1,13.4,3,NO,NO,NO,YES,YES,YES,FRAM,
OMSFSH17mat2,19.6,4,NO,NO,NO,YES,NO,NO,FRAM,
OMSFSH17mat2,14.4,3,NO,NO,NO,YES,NO,YES,FRAM,
JMP3unh2,40.5,1,NO,NO,NO,NO,NO,NO,FRAM,
JMP3unh2,23.1,2,NO,NO,NO,NO,NO,NO,FRAM,
JMP3unh2,38.1,2,NO,NO,NO,NO,NO,NO,FRAM,
JMP3unh2,35.3,2,NO,NO,NO,NO,NO,NO,FRAM,
JMP3unh2,43.4,2,NO,NO,NO,NO,NO,NO,FRAM,
JMP3unh2,19.5,2,NO,NO,NO,NO,NO,NO,FRAM,
JMP3unh2,41.4,1,NO,NO,NO,NO,NO,NO,FRAM,
JMP3unh2,20.2,2,NO,NO,NO,NO,NO,NO,FRAM,
JMP3unh3,40.5,1,NO,NO,NO,NO,NO,YES,FRAM,
JMP3unh3,35.1,1,NO,NO,NO,NO,NO,NO,FRAM,
JMP7mat4,35.9,2,NO,NO,NO,NO,NO,YES,FRAM,
JMP3unh4,36.2,1,NO,NO,NO,NO,NO,NO,FRAM,
JMP3unh4,28.6,1,NO,NO,NO,NO,NO,NO,FRAM,
JMP3unh4,37.9,2,NO,NO,NO,NO,NO,YES,FRAM,
KMSFunh1,43.2,4,NO,NO,NO,YES,NO,YES,FRAM,
KMSFunh1,39.8,3,NO,NO,NO,YES,NO,YES,FRAM,
KMSFunh1,31.8,3,NO,NO,NO,NO,NO,YES,FRAM,
KMSFunh1,35.6,5,NO,NO,NO,YES,NO,YES,FRAM,
KMSFunh2,17.5,2,NO,NO,NO,NO,NO,NO,FRAM,
KMSFunh2,35.7,1,NO,NO,NO,NO,NO,NO,FRAM,
KMSFunh2,31.6,2,NO,NO,NO,NO,NO,NO,FRAM,
KMSFunh3,36.7,2,NO,NO,NO,NO,NO,NO,FRAM,
KMSFunh3,55.5,2,NO,NO,NO,NO,NO,NO,FRAM,
KMSFunh3,51.8,2,NO,NO,NO,NO,NO,NO,FRAM,
KMSFunh4,39.2,2,NO,NO,NO,NO,NO,YES,FRAM,
KMSFunh4,45.5,2,NO,YES,NO,NO,NO,YES,FRAM,
KMSFunh4,35.9,2,NO,NO,NO,NO,NO,YES,FRAM,
KMSFunh4,26.6,3,NO,NO,NO,NO,NO,YES,FRAM,
SSF1mat1,22.7,5,NO,NO,NO,YES,YES,NO,FRAM,snag
SSF1mat1,21.3,5,NO,NO,NO,YES,NO,NO,FRAM,snag
SSF1mat1,18.7,5,NO,NO,NO,YES,YES,YES,FRAM,snag
SSF1mat3,31.5,5,NO,NO,NO,YES,NO,YES,FRAM,snag
SSF1mat3,20.3,5,NO,NO,NO,YES,NO,YES,FRAM,
SSF1mat3,25.7,2,NO,NO,NO,NO,NO,YES,FRAM,
SSF1mat3,23.3,5,NO,NO,NO,YES,NO,NO,FRAM,
SSF1mat3,16.4,5,NO,NO,NO,YES,NO,NO,FRAM,snag
SSF1mat3,23.3,5,NO,NO,NO,NO,NO,YES,FRAM,snag
SSF1mat3,21.5,5,NO,NO,NO,NO,YES,YES,FRAM,snag
SSF1mat3,29.9,5,NO,NO,NO,NO,NO,NO,FRAM,
SSF1mat3,27,2,NO,NO,NO,YES,NO,NO,FRAM,
SSF1mat3,15.7,5,NO,NO,YES,NO,NO,YES,FRAM,snag
SSF1mat4,24.6,2,NO,NO,NO,YES,NO,NO,FRAM,
SSF1mat4,12.1,2,NO,NO,NO,YES,NO,NO,FRAM,
SSF1mat4,33.5,2,NO,NO,NO,NO,NO,NO,FRAM,
CMSF11unh1,26.8,2,NO,NO,NO,NO,NO,NO,FRAM,
CMSF11unh1,17.1,2,NO,NO,NO,YES,NO,NO,FRAM,
CMSF11unh1,26,2,NO,NO,NO,NO,NO,YES,FRAM,
CMSF11unh1,18.8,2,NO,NO,NO,NO,NO,NO,FRAM,
CMSF11unh1,34.6,2,NO,NO,NO,NO,NO,NO,FRAM,
CMSF11unh2,68,2,NO,NO,NO,YES,NO,YES,FRAM,
CMSF11unh2,19.6,3,NO,NO,NO,YES,NO,NO,FRAM,
CMSF11unh2,19.5,1,NO,NO,NO,NO,NO,NO,FRAM,
CMSF11unh2,60.4,2,NO,NO,NO,NO,NO,YES,FRAM,
CMSF11unh3,78.8,2,NO,NO,YES,NO,NO,YES,FRAM,
CMSF11unh3,46.9,2,NO,NO,NO,NO,NO,YES,FRAM,
CMSF11unh3,15.7,2,NO,NO,NO,NO,NO,NO,FRAM,
CMSF11unh3,10.8,2,NO,NO,NO,NO,NO,NO,FRAM,
CMSF11unh3,39.6,2,NO,NO,YES,NO,NO,NO,FRAM,
CMSF11unh3,17.4,2,NO,NO,NO,NO,NO,NO,FRAM,
CMSF11unh4,16.8,2,NO,NO,NO,NO,NO,NO,FRAM,
CMSF11unh4,12.8,2,NO,NO,YES,NO,NO,NO,FRAM,
CMSF11unh4,43.2,2,NO,NO,NO,NO,NO,YES,FRAM,
CMSF11unh4,10.5,2,NO,NO,NO,NO,NO,NO,FRAM,
CMSF11unh4,37.7,2,NO,NO,NO,NO,NO,NO,FRAM,
CMSF11unh4,II,2,NO,NO,NO,NO,NO,NO,FRAM,
CMSF62unh1,49.5,2,NO,NO,NO,NO,NO,YES,FRAM,
CMSF62unh1,48.3,3,NO,NO,NO,NO,NO,YES,FRAM,
CMSF62unh1,36.4,2,NO,NO,NO,NO,NO,YES,FRAM,
CMSF62unh1,35.2,2,NO,NO,NO,NO,YES,YES,FRAM,
CMSF62unh2,28,1,NO,NO,NO,NO,NO,YES,FRAM,
CMSF62unh2,17.6,1,NO,NO,NO,NO,NO,YES,FRAM,
CMSF62unh2,14.8,2,NO,NO,NO,YES,NO,YES,FRAM,
CMSF62unh2,38.1,2,NO,NO,NO,NO,NO,YES,FRAM,
CMSF62unh2,19.8,1,NO,NO,YES,NO,NO,YES,FRAM,
CMSF62unh2,18,5,NO,NO,NO,YES,YES,YES,FRAM,snag
CMSF62unh2,21.6,2,NO,NO,YES,NO,NO,YES,FRAM,
CMSF62unh2,32.4,3,NO,NO,NO,NO,NO,YES,FRAM,
CMSF62unh2,15.1,2,NO,NO,NO,YES,NO,YES,FRAM,
CMSF62unh2,13.5,5,NO,NO,NO,YES,YES,NO,FRAM,snag
CMSF62unh2,28,2,NO,NO,NO,NO,NO,YES,FRAM,
CMSF62unh2,32.6,3,NO,NO,YES,NO,NO,YES,FRAM,
CMSF62unh2,16,2,NO,NO,NO,YES,NO,YES,FRAM,
CMSF62unh2,24.8,1,NO,NO,NO,NO,NO,YES,FRAM,
CMSF62unh2,18.2,1,NO,NO,NO,NO,NO,YES,FRAM,
CMSF62unh3,41,2,NO,NO,NO,NO,NO,NO,FRAM,
CMSF62unh4,37.5,2,NO,NO,YES,NO,NO,YES,FRAM,
