plot_ID,azimuth,life_form,cover_class
HRgap1,60,H,3
HRgap1,60,F,3
HRgap1,60,B,1
HRgap1,60,S,0
HRgap1,60,C,6
HRgap1,180,H,3
HRgap1,180,F,2
HRgap1,180,B,1
HRgap1,180,S,2
HRgap1,180,C,6
HRgap1,300,H,4
HRgap1,300,F,3
HRgap1,300,B,0
HRgap1,300,S,0
HRgap1,300,C,6
HRgap2,60,H,4
HRgap2,60,F,2
HRgap2,60,B,3
HRgap2,60,S,0
HRgap2,60,C,6
HRgap2,180,H,4
HRgap2,180,F,0
HRgap2,180,B,3
HRgap2,180,S,1
HRgap2,180,C,6
HRgap2,300,H,4
HRgap2,300,F,1
HRgap2,300,B,5
HRgap2,300,S,3
HRgap2,300,C,5
HRmat1,60,H,4
HRmat1,60,F,0
HRmat1,60,B,3
HRmat1,60,S,2
HRmat1,60,C,6
HRmat1,180,H,5
HRmat1,180,F,2
HRmat1,180,B,0
HRmat1,180,S,0
HRmat1,180,C,6
HRmat1,300,H,4
HRmat1,300,F,2
HRmat1,300,B,2
HRmat1,300,S,2
HRmat1,300,C,6
HRgap3,60,H,3
HRgap3,60,F,4
HRgap3,60,B,3
HRgap3,60,S,2
HRgap3,60,C,6
HRgap3,180,H,5
HRgap3,180,F,3
HRgap3,180,B,0
HRgap3,180,S,0
HRgap3,180,C,5
HRgap3,300,H,5
HRgap3,300,F,0
HRgap3,300,B,0
HRgap3,300,S,1
HRgap3,300,C,6
HRunh1,60,H,3
HRunh1,60,F,5
HRunh1,60,B,2
HRunh1,60,S,0
HRunh1,60,C,5
HRunh1,180,H,3
HRunh1,180,F,5
HRunh1,180,B,0
HRunh1,180,S,1
HRunh1,180,C,5
HRunh1,300,H,3
HRunh1,300,F,5
HRunh1,300,B,3
HRunh1,300,S,0
HRunh1,300,C,5
HRunh2,60,H,3
HRunh2,60,F,2
HRunh2,60,B,3
HRunh2,60,S,0
HRunh2,60,C,6
HRunh2,180,H,2
HRunh2,180,F,0
HRunh2,180,B,1
HRunh2,180,S,0
HRunh2,180,C,6
HRunh2,300,H,3
HRunh2,300,F,1
HRunh2,300,B,2
HRunh2,300,S,0
HRunh2,300,C,6
CH145unh2,60,H,4
CH145unh2,60,F,4
CH145unh2,60,B,0
CH145unh2,60,S,0
CH145unh2,60,C,5
CH145unh2,180,H,3
CH145unh2,180,F,6
CH145unh2,180,B,0
CH145unh2,180,S,0
CH145unh2,180,C,5
CH145unh2,300,H,4
CH145unh2,300,F,6
CH145unh2,300,B,3
CH145unh2,300,S,0
CH145unh2,300,C,3
HRunh3,60,H,3
HRunh3,60,F,1
HRunh3,60,B,0
HRunh3,60,S,0
HRunh3,60,C,6
HRunh3,180,H,3
HRunh3,180,F,4
HRunh3,180,B,2
HRunh3,180,S,0
HRunh3,180,C,6
HRunh3,300,H,4
HRunh3,300,F,2
HRunh3,300,B,3
HRunh3,300,S,4
HRunh3,300,C,3
CH145unh3,60,H,1
CH145unh3,60,F,0
CH145unh3,60,B,0
CH145unh3,60,S,0
CH145unh3,60,C,6
CH145unh3,180,H,5
CH145unh3,180,F,0
CH145unh3,180,B,2
CH145unh3,180,S,0
CH145unh3,180,C,6
CH145unh3,300,H,3
CH145unh3,300,F,0
CH145unh3,300,B,0
CH145unh3,300,S,0
CH145unh3,300,C,6
HRunh4,60,H,2
HRunh4,60,F,4
HRunh4,60,B,3
HRunh4,60,S,4
HRunh4,60,C,5
HRunh4,180,H,4
HRunh4,180,F,4
HRunh4,180,B,3
HRunh4,180,S,2
HRunh4,180,C,5
HRunh4,300,H,4
HRunh4,300,F,0
HRunh4,300,B,2
HRunh4,300,S,0
HRunh4,300,C,6
HRmat2,60,H,3
HRmat2,60,F,5
HRmat2,60,B,0
HRmat2,60,S,0
HRmat2,60,C,6
HRmat2,180,H,2
HRmat2,180,F,6
HRmat2,180,B,2
HRmat2,180,S,0
HRmat2,180,C,5
HRmat2,300,H,3
HRmat2,300,F,3
HRmat2,300,B,3
HRmat2,300,S,0
HRmat2,300,C,6
CH145unh4,60,H,4
CH145unh4,60,F,4
CH145unh4,60,B,0
CH145unh4,60,S,0
CH145unh4,60,C,6
CH145unh4,180,H,3
CH145unh4,180,F,4
CH145unh4,180,B,0
CH145unh4,180,S,0
CH145unh4,180,C,5
CH145unh4,300,H,4
CH145unh4,300,F,3
CH145unh4,300,B,0
CH145unh4,300,S,0
CH145unh4,300,C,6
HRmat3,60,H,4
HRmat3,60,F,2
HRmat3,60,B,0
HRmat3,60,S,1
HRmat3,60,C,5
HRmat3,180,H,5
HRmat3,180,F,3
HRmat3,180,B,1
HRmat3,180,S,2
HRmat3,180,C,6
HRmat3,300,H,2
HRmat3,300,F,0
HRmat3,300,B,1
HRmat3,300,S,0
HRmat3,300,C,6
CH2214unh1,60,H,2
CH2214unh1,60,F,0
CH2214unh1,60,B,0
CH2214unh1,60,S,0
CH2214unh1,60,C,6
CH2214unh1,180,H,2
CH2214unh1,180,F,0
CH2214unh1,180,B,0
CH2214unh1,180,S,0
CH2214unh1,180,C,6
CH2214unh1,300,H,2
CH2214unh1,300,F,0
CH2214unh1,300,B,0
CH2214unh1,300,S,0
CH2214unh1,300,C,6
CH2214unh2,60,H,3
CH2214unh2,60,F,2
CH2214unh2,60,B,0
CH2214unh2,60,S,0
CH2214unh2,60,C,6
CH2214unh2,180,H,3
CH2214unh2,180,F,4
CH2214unh2,180,B,3
CH2214unh2,180,S,2
CH2214unh2,180,C,6
CH2214unh2,300,H,2
CH2214unh2,300,F,5
CH2214unh2,300,B,0
CH2214unh2,300,S,0
CH2214unh2,300,C,6
CH2214unh3,60,H,3
CH2214unh3,60,F,0
CH2214unh3,60,B,0
CH2214unh3,60,S,0
CH2214unh3,60,C,6
CH2214unh3,180,H,5
CH2214unh3,180,F,0
CH2214unh3,180,B,0
CH2214unh3,180,S,0
CH2214unh3,180,C,4
CH2214unh3,300,H,4
CH2214unh3,300,F,0
CH2214unh3,300,B,0
CH2214unh3,300,S,2
CH2214unh3,300,C,6
MP19gap1,60,H,5
MP19gap1,60,F,5
MP19gap1,60,B,0
MP19gap1,60,S,2
MP19gap1,60,C,4
MP19gap1,180,H,5
MP19gap1,180,F,3
MP19gap1,180,B,1
MP19gap1,180,S,0
MP19gap1,180,C,5
MP19gap1,300,H,5
MP19gap1,300,F,4
MP19gap1,300,B,1
MP19gap1,300,S,0
MP19gap1,300,C,6
CH138mat1,60,H,3
CH138mat1,60,F,0
CH138mat1,60,B,0
CH138mat1,60,S,0
CH138mat1,60,C,6
CH138mat1,180,H,2
CH138mat1,180,F,3
CH138mat1,180,B,3
CH138mat1,180,S,0
CH138mat1,180,C,6
CH138mat1,300,H,2
CH138mat1,300,F,
CH138mat1,300,B,2
CH138mat1,300,S,0
CH138mat1,300,C,6
CH138gap1,60,H,4
CH138gap1,60,F,0
CH138gap1,60,B,0
CH138gap1,60,S,5
CH138gap1,60,C,1
CH138gap1,180,H,6
CH138gap1,180,F,0
CH138gap1,180,B,0
CH138gap1,180,S,0
CH138gap1,180,C,3
CH138gap1,300,H,6
CH138gap1,300,F,2
CH138gap1,300,B,2
CH138gap1,300,S,2
CH138gap1,300,C,4
CH138gap2,60,H,5
CH138gap2,60,F,1
CH138gap2,60,B,0
CH138gap2,60,S,0
CH138gap2,60,C,4
CH138gap2,180,H,6
CH138gap2,180,F,3
CH138gap2,180,B,0
CH138gap2,180,S,0
CH138gap2,180,C,4
CH138gap2,300,H,4
CH138gap2,300,F,4
CH138gap2,300,B,0
CH138gap2,300,S,0
CH138gap2,300,C,6
MP19mat1,60,H,4
MP19mat1,60,F,3
MP19mat1,60,B,0
MP19mat1,60,S,0
MP19mat1,60,C,6
MP19mat1,180,H,4
MP19mat1,180,F,3
MP19mat1,180,B,0
MP19mat1,180,S,0
MP19mat1,180,C,6
MP19mat1,300,H,2
MP19mat1,300,F,2
MP19mat1,300,B,3
MP19mat1,300,S,0
MP19mat1,300,C,6
MP19gap2,60,H,4
MP19gap2,60,F,2
MP19gap2,60,B,0
MP19gap2,60,S,0
MP19gap2,60,C,4
MP19gap2,180,H,5
MP19gap2,180,F,0
MP19gap2,180,B,2
MP19gap2,180,S,3
MP19gap2,180,C,6
MP19gap2,300,H,6
MP19gap2,300,F,0
MP19gap2,300,B,1
MP19gap2,300,S,3
MP19gap2,300,C,4
MP19mat2,60,H,2
MP19mat2,60,F,1
MP19mat2,60,B,2
MP19mat2,60,S,0
MP19mat2,60,C,6
MP19mat2,180,H,3
MP19mat2,180,F,0
MP19mat2,180,B,0
MP19mat2,180,S,0
MP19mat2,180,C,4
MP19mat2,300,H,4
MP19mat2,300,F,0
MP19mat2,300,B,2
MP19mat2,300,S,0
MP19mat2,300,C,6
MP19gap3,60,H,5
MP19gap3,60,F,0
MP19gap3,60,B,0
MP19gap3,60,S,0
MP19gap3,60,C,3
MP19gap3,180,H,2
MP19gap3,180,F,0
MP19gap3,180,B,0
MP19gap3,180,S,0
MP19gap3,180,C,6
MP19gap3,300,H,6
MP19gap3,300,F,0
MP19gap3,300,B,0
MP19gap3,300,S,0
MP19gap3,300,C,4
MP19mat3,60,H,4
MP19mat3,60,F,3
MP19mat3,60,B,3
MP19mat3,60,S,0
MP19mat3,60,C,6
MP19mat3,180,H,3
MP19mat3,180,F,3
MP19mat3,180,B,0
MP19mat3,180,S,0
MP19mat3,180,C,6
MP19mat3,300,H,2
MP19mat3,300,F,5
MP19mat3,300,B,0
MP19mat3,300,S,0
MP19mat3,300,C,6
MP1314gap1,60,H,6
MP1314gap1,60,F,3
MP1314gap1,60,B,0
MP1314gap1,60,S,0
MP1314gap1,60,C,4
MP1314gap1,180,H,4
MP1314gap1,180,F,2
MP1314gap1,180,B,4
MP1314gap1,180,S,0
MP1314gap1,180,C,4
MP1314gap1,300,H,3
MP1314gap1,300,F,6
MP1314gap1,300,B,0
MP1314gap1,300,S,0
MP1314gap1,300,C,2
MP1314mat1,60,H,6
MP1314mat1,60,F,1
MP1314mat1,60,B,1
MP1314mat1,60,S,0
MP1314mat1,60,C,5
MP1314mat1,180,H,6
MP1314mat1,180,F,2
MP1314mat1,180,B,1
MP1314mat1,180,S,0
MP1314mat1,180,C,4
MP1314mat1,300,H,6
MP1314mat1,300,F,4
MP1314mat1,300,B,2
MP1314mat1,300,S,0
MP1314mat1,300,C,5
MP1314gap2,60,H,5
MP1314gap2,60,F,0
MP1314gap2,60,B,2
MP1314gap2,60,S,0
MP1314gap2,60,C,6
MP1314gap2,180,H,4
MP1314gap2,180,F,3
MP1314gap2,180,B,0
MP1314gap2,180,S,0
MP1314gap2,180,C,5
MP1314gap2,300,H,4
MP1314gap2,300,F,2
MP1314gap2,300,B,2
MP1314gap2,300,S,0
MP1314gap2,300,C,6
MP1314gap3,60,H,6
MP1314gap3,60,F,3
MP1314gap3,60,B,2
MP1314gap3,60,S,0
MP1314gap3,60,C,5
MP1314gap3,180,H,6
MP1314gap3,180,F,1
MP1314gap3,180,B,0
MP1314gap3,180,S,1
MP1314gap3,180,C,3
MP1314gap3,300,H,5
MP1314gap3,300,F,2
MP1314gap3,300,B,1
MP1314gap3,300,S,2
MP1314gap3,300,C,6
CH138mat2,60,H,2
CH138mat2,60,F,3
CH138mat2,60,B,0
CH138mat2,60,S,0
CH138mat2,60,C,6
CH138mat2,180,H,3
CH138mat2,180,F,0
CH138mat2,180,B,1
CH138mat2,180,S,0
CH138mat2,180,C,6
CH138mat2,300,H,2
CH138mat2,300,F,1
CH138mat2,300,B,0
CH138mat2,300,S,0
CH138mat2,300,C,6
CH138gap3,60,H,4
CH138gap3,60,F,3
CH138gap3,60,B,0
CH138gap3,60,S,0
CH138gap3,60,C,5
CH138gap3,180,H,6
CH138gap3,180,F,4
CH138gap3,180,B,0
CH138gap3,180,S,2
CH138gap3,180,C,2
CH138gap3,300,H,5
CH138gap3,300,F,1
CH138gap3,300,B,2
CH138gap3,300,S,0
CH138gap3,300,C,4
CH138mat3,60,H,4
CH138mat3,60,F,2
CH138mat3,60,B,0
CH138mat3,60,S,0
CH138mat3,60,C,6
CH138mat3,180,H,3
CH138mat3,180,F,4
CH138mat3,180,B,0
CH138mat3,180,S,0
CH138mat3,180,C,6
CH138mat3,300,H,4
CH138mat3,300,F,3
CH138mat3,300,B,0
CH138mat3,300,S,0
CH138mat3,300,C,6
CH138mat4,60,H,6
CH138mat4,60,F,1
CH138mat4,60,B,2
CH138mat4,60,S,0
CH138mat4,60,C,4
CH138mat4,180,H,5
CH138mat4,180,F,2
CH138mat4,180,B,1
CH138mat4,180,S,0
CH138mat4,180,C,5
CH138mat4,300,H,3
CH138mat4,300,F,5
CH138mat4,300,B,0
CH138mat4,300,S,0
CH138mat4,300,C,4
CH145unh1,60,H,2
CH145unh1,60,F,2
CH145unh1,60,B,0
CH145unh1,60,S,0
CH145unh1,60,C,6
CH145unh1,180,H,2
CH145unh1,180,F,4
CH145unh1,180,B,0
CH145unh1,180,S,2
CH145unh1,180,C,6
CH145unh1,300,H,4
CH145unh1,300,F,4
CH145unh1,300,B,0
CH145unh1,300,S,0
CH145unh1,300,C,5
CH2214unh4,60,H,4
CH2214unh4,60,F,4
CH2214unh4,60,B,0
CH2214unh4,60,S,0
CH2214unh4,60,C,5
CH2214unh4,180,H,6
CH2214unh4,180,F,3
CH2214unh4,180,B,0
CH2214unh4,180,S,0
CH2214unh4,180,C,3
CH2214unh4,300,H,4
CH2214unh4,300,F,3
CH2214unh4,300,B,0
CH2214unh4,300,S,0
CH2214unh4,300,C,6
CH224gap1,60,H,3
CH224gap1,60,F,6
CH224gap1,60,B,0
CH224gap1,60,S,0
CH224gap1,60,C,3
CH224gap1,180,H,5
CH224gap1,180,F,0
CH224gap1,180,B,0
CH224gap1,180,S,0
CH224gap1,180,C,6
CH224gap1,300,H,3
CH224gap1,300,F,5
CH224gap1,300,B,0
CH224gap1,300,S,0
CH224gap1,300,C,4
MP19gap4 ,60,H,3
MP19gap4 ,60,F,0
MP19gap4 ,60,B,2
MP19gap4 ,60,S,0
MP19gap4 ,60,C,6
MP19gap4 ,180,H,3
MP19gap4 ,180,F,2
MP19gap4 ,180,B,0
MP19gap4 ,180,S,0
MP19gap4 ,180,C,6
MP19gap4 ,300,H,2
MP19gap4 ,300,F,0
MP19gap4 ,300,B,2
MP19gap4 ,300,S,0
MP19gap4 ,300,C,6
GMCBmat2,60,H,4
GMCBmat2,60,F,4
GMCBmat2,60,B,0
GMCBmat2,60,S,0
GMCBmat2,60,C,5
GMCBmat2,180,H,3
GMCBmat2,180,F,4
GMCBmat2,180,B,0
GMCBmat2,180,S,0
GMCBmat2,180,C,5
GMCBmat2,300,H,5
GMCBmat2,300,F,6
GMCBmat2,300,B,0
GMCBmat2,300,S,0
GMCBmat2,300,C,3
GMCBgap3,60,H,6
GMCBgap3,60,F,3
GMCBgap3,60,B,2
GMCBgap3,60,S,0
GMCBgap3,60,C,2
GMCBgap3,180,H,5
GMCBgap3,180,F,1
GMCBgap3,180,B,0
GMCBgap3,180,S,0
GMCBgap3,180,C,3
GMCBgap3,300,H,6
GMCBgap3,300,F,0
GMCBgap3,300,B,0
GMCBgap3,300,S,0
GMCBgap3,300,C,3
GMCBmat3,60,H,4
GMCBmat3,60,F,2
GMCBmat3,60,B,0
GMCBmat3,60,S,0
GMCBmat3,60,C,6
GMCBmat3,180,H,3
GMCBmat3,180,F,0
GMCBmat3,180,B,0
GMCBmat3,180,S,2
GMCBmat3,180,C,6
GMCBmat3,300,H,4
GMCBmat3,300,F,1
GMCBmat3,300,B,0
GMCBmat3,300,S,0
GMCBmat3,300,C,6
GMAmat1,60,H,3
GMAmat1,60,F,2
GMAmat1,60,B,1
GMAmat1,60,S,0
GMAmat1,60,C,6
GMAmat1,180,H,2
GMAmat1,180,F,0
GMAmat1,180,B,0
GMAmat1,180,S,0
GMAmat1,180,C,6
GMAmat1,300,H,3
GMAmat1,300,F,0
GMAmat1,300,B,0
GMAmat1,300,S,0
GMAmat1,300,C,6
GMAgap1,60,H,0
GMAgap1,60,F,4
GMAgap1,60,B,0
GMAgap1,60,S,0
GMAgap1,60,C,6
GMAgap1,180,H,1
GMAgap1,180,F,0
GMAgap1,180,B,0
GMAgap1,180,S,0
GMAgap1,180,C,6
GMAgap1,300,H,1
GMAgap1,300,F,0
GMAgap1,300,B,0
GMAgap1,300,S,0
GMAgap1,300,C,6
GMAmat2,60,H,2
GMAmat2,60,F,1
GMAmat2,60,B,0
GMAmat2,60,S,0
GMAmat2,60,C,6
GMAmat2,180,H,1
GMAmat2,180,F,0
GMAmat2,180,B,0
GMAmat2,180,S,0
GMAmat2,180,C,6
GMAmat2,300,H,0
GMAmat2,300,F,1
GMAmat2,300,B,0
GMAmat2,300,S,0
GMAmat2,300,C,6
GMAgap2,60,H,2
GMAgap2,60,F,2
GMAgap2,60,B,0
GMAgap2,60,S,1
GMAgap2,60,C,6
GMAgap2,180,H,2
GMAgap2,180,F,0
GMAgap2,180,B,0
GMAgap2,180,S,0
GMAgap2,180,C,6
GMAgap2,300,H,1
GMAgap2,300,F,1
GMAgap2,300,B,1
GMAgap2,300,S,0
GMAgap2,300,C,6
GMRB5unh1,60,H,4
GMRB5unh1,60,F,4
GMRB5unh1,60,B,0
GMRB5unh1,60,S,2
GMRB5unh1,60,C,5
GMRB5unh1,180,H,3
GMRB5unh1,180,F,4
GMRB5unh1,180,B,0
GMRB5unh1,180,S,0
GMRB5unh1,180,C,6
GMRB5unh1,300,H,2
GMRB5unh1,300,F,4
GMRB5unh1,300,B,1
GMRB5unh1,300,S,0
GMRB5unh1,300,C,6
GMRB5unh2,60,H,2
GMRB5unh2,60,F,5
GMRB5unh2,60,B,2
GMRB5unh2,60,S,0
GMRB5unh2,60,C,5
GMRB5unh2,180,H,2
GMRB5unh2,180,F,0
GMRB5unh2,180,B,1
GMRB5unh2,180,S,0
GMRB5unh2,180,C,6
GMRB5unh2,300,H,1
GMRB5unh2,300,F,4
GMRB5unh2,300,B,0
GMRB5unh2,300,S,0
GMRB5unh2,300,C,6
GMRB5unh3,60,H,3
GMRB5unh3,60,F,5
GMRB5unh3,60,B,0
GMRB5unh3,60,S,0
GMRB5unh3,60,C,5
GMRB5unh3,180,H,3
GMRB5unh3,180,F,3
GMRB5unh3,180,B,2
GMRB5unh3,180,S,0
GMRB5unh3,180,C,6
GMRB5unh3,300,H,2
GMRB5unh3,300,F,2
GMRB5unh3,300,B,0
GMRB5unh3,300,S,0
GMRB5unh3,300,C,6
GMRB5unh4,60,H,2
GMRB5unh4,60,F,2
GMRB5unh4,60,B,2
GMRB5unh4,60,S,0
GMRB5unh4,60,C,6
GMRB5unh4,180,H,2
GMRB5unh4,180,F,2
GMRB5unh4,180,B,0
GMRB5unh4,180,S,0
GMRB5unh4,180,C,6
GMRB5unh4,300,H,2
GMRB5unh4,300,F,4
GMRB5unh4,300,B,0
GMRB5unh4,300,S,2
GMRB5unh4,300,C,6
GMRB6unh1,60,H,2
GMRB6unh1,60,F,0
GMRB6unh1,60,B,3
GMRB6unh1,60,S,0
GMRB6unh1,60,C,6
GMRB6unh1,180,H,2
GMRB6unh1,180,F,2
GMRB6unh1,180,B,0
GMRB6unh1,180,S,0
GMRB6unh1,180,C,6
GMRB6unh1,300,H,2
GMRB6unh1,300,F,0
GMRB6unh1,300,B,0
GMRB6unh1,300,S,0
GMRB6unh1,300,C,6
GMRB6unh2,60,H,2
GMRB6unh2,60,F,4
GMRB6unh2,60,B,6
GMRB6unh2,60,S,0
GMRB6unh2,60,C,3
GMRB6unh2,180,H,4
GMRB6unh2,180,F,4
GMRB6unh2,180,B,3
GMRB6unh2,180,S,0
GMRB6unh2,180,C,5
GMRB6unh2,300,H,2
GMRB6unh2,300,F,0
GMRB6unh2,300,B,5
GMRB6unh2,300,S,0
GMRB6unh2,300,C,6
GMRB6unh3,60,H,2
GMRB6unh3,60,F,3
GMRB6unh3,60,B,0
GMRB6unh3,60,S,2
GMRB6unh3,60,C,6
GMRB6unh3,180,H,5
GMRB6unh3,180,F,4
GMRB6unh3,180,B,0
GMRB6unh3,180,S,2
GMRB6unh3,180,C,3
GMRB6unh3,300,H,4
GMRB6unh3,300,F,3
GMRB6unh3,300,B,0
GMRB6unh3,300,S,3
GMRB6unh3,300,C,5
GMRB6unh4,60,H,2
GMRB6unh4,60,F,0
GMRB6unh4,60,B,0
GMRB6unh4,60,S,0
GMRB6unh4,60,C,6
GMRB6unh4,180,H,4
GMRB6unh4,180,F,3
GMRB6unh4,180,B,2
GMRB6unh4,180,S,2
GMRB6unh4,180,C,6
GMRB6unh4,300,H,1
GMRB6unh4,300,F,0
GMRB6unh4,300,B,0
GMRB6unh4,300,S,1
GMRB6unh4,300,C,6
GMMTmat1,60,H,4
GMMTmat1,60,F,5
GMMTmat1,60,B,0
GMMTmat1,60,S,2
GMMTmat1,60,C,4
GMMTmat1,180,H,5
GMMTmat1,180,F,5
GMMTmat1,180,B,0
GMMTmat1,180,S,2
GMMTmat1,180,C,3
GMMTmat1,300,H,6
GMMTmat1,300,F,2
GMMTmat1,300,B,0
GMMTmat1,300,S,4
GMMTmat1,300,C,2
GMMTgap1,60,H,4
GMMTgap1,60,F,0
GMMTgap1,60,B,0
GMMTgap1,60,S,5
GMMTgap1,60,C,4
GMMTgap1,180,H,5
GMMTgap1,180,F,2
GMMTgap1,180,B,0
GMMTgap1,180,S,2
GMMTgap1,180,C,5
GMMTgap1,300,H,6
GMMTgap1,300,F,2
GMMTgap1,300,B,0
GMMTgap1,300,S,3
GMMTgap1,300,C,1
GMMTmat2,60,H,3
GMMTmat2,60,F,5
GMMTmat2,60,B,1
GMMTmat2,60,S,0
GMMTmat2,60,C,5
GMMTmat2,180,H,2
GMMTmat2,180,F,4
GMMTmat2,180,B,0
GMMTmat2,180,S,0
GMMTmat2,180,C,6
GMMTmat2,300,H,3
GMMTmat2,300,F,6
GMMTmat2,300,B,0
GMMTmat2,300,S,0
GMMTmat2,300,C,4
GMMTgap2,60,H,5
GMMTgap2,60,F,0
GMMTgap2,60,B,3
GMMTgap2,60,S,0
GMMTgap2,60,C,6
GMMTgap2,180,H,4
GMMTgap2,180,F,6
GMMTgap2,180,B,0
GMMTgap2,180,S,0
GMMTgap2,180,C,1
GMMTgap2,300,H,5
GMMTgap2,300,F,6
GMMTgap2,300,B,0
GMMTgap2,300,S,1
GMMTgap2,300,C,1
GMMTgap3,60,H,6
GMMTgap3,60,F,0
GMMTgap3,60,B,0
GMMTgap3,60,S,6
GMMTgap3,60,C,0
GMMTgap3,180,H,5
GMMTgap3,180,F,5
GMMTgap3,180,B,0
GMMTgap3,180,S,5
GMMTgap3,180,C,1
GMMTgap3,300,H,6
GMMTgap3,300,F,0
GMMTgap3,300,B,0
GMMTgap3,300,S,3
GMMTgap3,300,C,3
GMMTmat3,60,H,5
GMMTmat3,60,F,1
GMMTmat3,60,B,0
GMMTmat3,60,S,0
GMMTmat3,60,C,3
GMMTmat3,180,H,6
GMMTmat3,180,F,1
GMMTmat3,180,B,0
GMMTmat3,180,S,4
GMMTmat3,180,C,2
GMMTmat3,300,H,5
GMMTmat3,300,F,3
GMMTmat3,300,B,0
GMMTmat3,300,S,4
GMMTmat3,300,C,3
CH224mat2,60,H,4
CH224mat2,60,F,5
CH224mat2,60,B,4
CH224mat2,60,S,0
CH224mat2,60,C,6
CH224mat2,180,H,5
CH224mat2,180,F,3
CH224mat2,180,B,2
CH224mat2,180,S,0
CH224mat2,180,C,6
CH224mat2,300,H,3
CH224mat2,300,F,2
CH224mat2,300,B,4
CH224mat2,300,S,0
CH224mat2,300,C,5
CH224gap2,60,H,4
CH224gap2,60,F,4
CH224gap2,60,B,0
CH224gap2,60,S,4
CH224gap2,60,C,2
CH224gap2,180,H,4
CH224gap2,180,F,6
CH224gap2,180,B,0
CH224gap2,180,S,3
CH224gap2,180,C,4
CH224gap2,300,H,3
CH224gap2,300,F,6
CH224gap2,300,B,0
CH224gap2,300,S,4
CH224gap2,300,C,0
CH224mat3,60,H,6
CH224mat3,60,F,5
CH224mat3,60,B,0
CH224mat3,60,S,0
CH224mat3,60,C,2
CH224mat3,180,H,5
CH224mat3,180,F,3
CH224mat3,180,B,0
CH224mat3,180,S,0
CH224mat3,180,C,2
CH224mat3,300,H,5
CH224mat3,300,F,6
CH224mat3,300,B,0
CH224mat3,300,S,0
CH224mat3,300,C,2
CH224gap3,60,H,5
CH224gap3,60,F,1
CH224gap3,60,B,2
CH224gap3,60,S,0
CH224gap3,60,C,6
CH224gap3,180,H,6
CH224gap3,180,F,0
CH224gap3,180,B,0
CH224gap3,180,S,0
CH224gap3,180,C,2
CH224gap3,300,H,6
CH224gap3,300,F,2
CH224gap3,300,B,0
CH224gap3,300,S,0
CH224gap3,300,C,2
CH231unh1,60,H,3
CH231unh1,60,F,3
CH231unh1,60,B,2
CH231unh1,60,S,0
CH231unh1,60,C,6
CH231unh1,180,H,3
CH231unh1,180,F,2
CH231unh1,180,B,1
CH231unh1,180,S,0
CH231unh1,180,C,6
CH231unh1,300,H,2
CH231unh1,300,F,0
CH231unh1,300,B,2
CH231unh1,300,S,0
CH231unh1,300,C,6
GSF396mat2,60,H,2
GSF396mat2,60,F,3
GSF396mat2,60,B,0
GSF396mat2,60,S,0
GSF396mat2,60,C,6
GSF396mat2,180,H,1
GSF396mat2,180,F,6
GSF396mat2,180,B,3
GSF396mat2,180,S,0
GSF396mat2,180,C,4
GSF396mat2,300,H,5
GSF396mat2,300,F,2
GSF396mat2,300,B,2
GSF396mat2,300,S,
GSF396mat2,300,C,
JMP1mat1,60,H,2
JMP1mat1,60,F,0
JMP1mat1,60,B,2
JMP1mat1,60,S,2
JMP1mat1,60,C,6
JMP1mat1,180,H,2
JMP1mat1,180,F,0
JMP1mat1,180,B,4
JMP1mat1,180,S,0
JMP1mat1,180,C,6
JMP1mat1,300,H,2
JMP1mat1,300,F,2
JMP1mat1,300,B,0
JMP1mat1,300,S,0
JMP1mat1,300,C,6
JMP1mat2,60,H,3
JMP1mat2,60,F,0
JMP1mat2,60,B,2
JMP1mat2,60,S,0
JMP1mat2,60,C,6
JMP1mat2,180,H,2
JMP1mat2,180,F,1
JMP1mat2,180,B,0
JMP1mat2,180,S,2
JMP1mat2,180,C,6
JMP1mat2,300,H,2
JMP1mat2,300,F,0
JMP1mat2,300,B,2
JMP1mat2,300,S,1
JMP1mat2,300,C,6
JMP1mat3,60,H,4
JMP1mat3,60,F,2
JMP1mat3,60,B,1
JMP1mat3,60,S,2
JMP1mat3,60,C,6
JMP1mat3,180,H,4
JMP1mat3,180,F,1
JMP1mat3,180,B,1
JMP1mat3,180,S,2
JMP1mat3,180,C,5
JMP1mat3,300,H,4
JMP1mat3,300,F,3
JMP1mat3,300,B,0
JMP1mat3,300,S,3
JMP1mat3,300,C,5
JMP1mat4,60,H,4
JMP1mat4,60,F,0
JMP1mat4,60,B,0
JMP1mat4,60,S,2
JMP1mat4,60,C,6
JMP1mat4,180,H,5
JMP1mat4,180,F,4
JMP1mat4,180,B,0
JMP1mat4,180,S,0
JMP1mat4,180,C,5
JMP1mat4,300,H,5
JMP1mat4,300,F,2
JMP1mat4,300,B,0
JMP1mat4,300,S,0
JMP1mat4,300,C,6
GSF396mat1,60,H,4
GSF396mat1,60,F,3
GSF396mat1,60,B,3
GSF396mat1,60,S,2
GSF396mat1,60,C,5
GSF396mat1,180,H,4
GSF396mat1,180,F,0
GSF396mat1,180,B,0
GSF396mat1,180,S,0
GSF396mat1,180,C,6
GSF396mat1,300,H,4
GSF396mat1,300,F,0
GSF396mat1,300,B,1
GSF396mat1,300,S,1
GSF396mat1,300,C,6
GSF396gap2,60,H,4
GSF396gap2,60,F,2
GSF396gap2,60,B,3
GSF396gap2,60,S,3
GSF396gap2,60,C,5
GSF396gap2,180,H,5
GSF396gap2,180,F,5
GSF396gap2,180,B,1
GSF396gap2,180,S,2
GSF396gap2,180,C,4
GSF396gap2,300,H,5
GSF396gap2,300,F,4
GSF396gap2,300,B,0
GSF396gap2,300,S,0
GSF396gap2,300,C,4
GSF396mat3,60,H,4
GSF396mat3,60,F,2
GSF396mat3,60,B,2
GSF396mat3,60,S,0
GSF396mat3,60,C,6
GSF396mat3,180,H,1
GSF396mat3,180,F,4
GSF396mat3,180,B,0
GSF396mat3,180,S,0
GSF396mat3,180,C,6
GSF396mat3,300,H,2
GSF396mat3,300,F,0
GSF396mat3,300,B,0
GSF396mat3,300,S,1
GSF396mat3,300,C,6
GSF396mat4,60,H,1
GSF396mat4,60,F,6
GSF396mat4,60,B,0
GSF396mat4,60,S,0
GSF396mat4,60,C,3
GSF396mat4,180,H,3
GSF396mat4,180,F,6
GSF396mat4,180,B,2
GSF396mat4,180,S,0
GSF396mat4,180,C,4
GSF396mat4,300,H,3
GSF396mat4,300,F,6
GSF396mat4,300,B,0
GSF396mat4,300,S,0
GSF396mat4,300,C,4
GSF396mat5,60,H,5
GSF396mat5,60,F,0
GSF396mat5,60,B,0
GSF396mat5,60,S,0
GSF396mat5,60,C,6
GSF396mat5,180,H,4
GSF396mat5,180,F,
GSF396mat5,180,B,1
GSF396mat5,180,S,
GSF396mat5,180,C,6
GSF396mat5,300,H,3
GSF396mat5,300,F,3
GSF396mat5,300,B,0
GSF396mat5,300,S,0
GSF396mat5,300,C,5
GSF396gap1,60,H,6
GSF396gap1,60,F,0
GSF396gap1,60,B,0
GSF396gap1,60,S,0
GSF396gap1,60,C,0
GSF396gap1,180,H,6
GSF396gap1,180,F,0
GSF396gap1,180,B,1
GSF396gap1,180,S,3
GSF396gap1,180,C,2
GSF396gap1,300,H,6
GSF396gap1,300,F,1
GSF396gap1,300,B,0
GSF396gap1,300,S,0
GSF396gap1,300,C,1
MPunh1,60,H,6
MPunh1,60,F,0
MPunh1,60,B,2
MPunh1,60,S,0
MPunh1,60,C,5
MPunh1,180,H,2
MPunh1,180,F,2
MPunh1,180,B,1
MPunh1,180,S,0
MPunh1,180,C,6
MPunh1,300,H,6
MPunh1,300,F,2
MPunh1,300,B,3
MPunh1,300,S,1
MPunh1,300,C,5
MPunh2,60,H,4
MPunh2,60,F,2
MPunh2,60,B,2
MPunh2,60,S,0
MPunh2,60,C,6
MPunh2,180,H,5
MPunh2,180,F,2
MPunh2,180,B,0
MPunh2,180,S,0
MPunh2,180,C,5
MPunh2,300,H,6
MPunh2,300,F,3
MPunh2,300,B,1
MPunh2,300,S,0
MPunh2,300,C,3
MPunh3,60,H,6
MPunh3,60,F,3
MPunh3,60,B,0
MPunh3,60,S,0
MPunh3,60,C,5
MPunh3,180,H,4
MPunh3,180,F,3
MPunh3,180,B,0
MPunh3,180,S,0
MPunh3,180,C,6
MPunh3,300,H,4
MPunh3,300,F,2
MPunh3,300,B,0
MPunh3,300,S,0
MPunh3,300,C,6
MP1314mat2,60,H,5
MP1314mat2,60,F,2
MP1314mat2,60,B,0
MP1314mat2,60,S,0
MP1314mat2,60,C,6
MP1314mat2,180,H,4
MP1314mat2,180,F,4
MP1314mat2,180,B,0
MP1314mat2,180,S,0
MP1314mat2,180,C,6
MP1314mat2,300,H,4
MP1314mat2,300,F,0
MP1314mat2,300,B,0
MP1314mat2,300,S,0
MP1314mat2,300,C,6
MP1314mat3,60,H,4
MP1314mat3,60,F,4
MP1314mat3,60,B,1
MP1314mat3,60,S,0
MP1314mat3,60,C,5
MP1314mat3,180,H,4
MP1314mat3,180,F,1
MP1314mat3,180,B,4
MP1314mat3,180,S,0
MP1314mat3,180,C,6
MP1314mat3,300,H,4
MP1314mat3,300,F,5
MP1314mat3,300,B,0
MP1314mat3,300,S,0
MP1314mat3,300,C,5
MPunh4,60,H,5
MPunh4,60,F,0
MPunh4,60,B,0
MPunh4,60,S,0
MPunh4,60,C,6
MPunh4,180,H,3
MPunh4,180,F,1
MPunh4,180,B,3
MPunh4,180,S,3
MPunh4,180,C,5
MPunh4,300,H,5
MPunh4,300,F,0
MPunh4,300,B,3
MPunh4,300,S,0
MPunh4,300,C,6
CH224mat1,60,H,6
CH224mat1,60,F,3
CH224mat1,60,B,0
CH224mat1,60,S,0
CH224mat1,60,C,3
CH224mat1,180,H,6
CH224mat1,180,F,3
CH224mat1,180,B,0
CH224mat1,180,S,0
CH224mat1,180,C,3
CH224mat1,300,H,5
CH224mat1,300,F,4
CH224mat1,300,B,0
CH224mat1,300,S,0
CH224mat1,300,C,2
CH231unh2,60,H,5
CH231unh2,60,F,3
CH231unh2,60,B,0
CH231unh2,60,S,0
CH231unh2,60,C,5
CH231unh2,180,H,5
CH231unh2,180,F,3
CH231unh2,180,B,0
CH231unh2,180,S,0
CH231unh2,180,C,6
CH231unh2,300,H,5
CH231unh2,300,F,2
CH231unh2,300,B,2
CH231unh2,300,S,2
CH231unh2,300,C,6
CH231unh3,60,H,3
CH231unh3,60,F,0
CH231unh3,60,B,0
CH231unh3,60,S,0
CH231unh3,60,C,6
CH231unh3,180,H,4
CH231unh3,180,F,0
CH231unh3,180,B,0
CH231unh3,180,S,2
CH231unh3,180,C,6
CH231unh3,300,H,2
CH231unh3,300,F,0
CH231unh3,300,B,1
CH231unh3,300,S,3
CH231unh3,300,C,6
CH231unh4,60,H,4
CH231unh4,60,F,2
CH231unh4,60,B,0
CH231unh4,60,S,2
CH231unh4,60,C,6
CH231unh4,180,H,2
CH231unh4,180,F,3
CH231unh4,180,B,0
CH231unh4,180,S,0
CH231unh4,180,C,6
CH231unh4,300,H,6
CH231unh4,300,F,2
CH231unh4,300,B,0
CH231unh4,300,S,1
CH231unh4,300,C,4
CWEunh1,60,H,0
CWEunh1,60,F,0
CWEunh1,60,B,1
CWEunh1,60,S,0
CWEunh1,60,C,6
CWEunh1,180,H,1
CWEunh1,180,F,0
CWEunh1,180,B,2
CWEunh1,180,S,0
CWEunh1,180,C,6
CWEunh1,300,H,1
CWEunh1,300,F,0
CWEunh1,300,B,1
CWEunh1,300,S,0
CWEunh1,300,C,6
CWEunh2,60,H,4
CWEunh2,60,F,2
CWEunh2,60,B,0
CWEunh2,60,S,0
CWEunh2,60,C,6
CWEunh2,180,H,3
CWEunh2,180,F,5
CWEunh2,180,B,0
CWEunh2,180,S,0
CWEunh2,180,C,5
CWEunh2,300,H,2
CWEunh2,300,F,0
CWEunh2,300,B,0
CWEunh2,300,S,0
CWEunh2,300,C,6
CWEunh3,60,H,1
CWEunh3,60,F,0
CWEunh3,60,B,0
CWEunh3,60,S,0
CWEunh3,60,C,6
CWEunh3,180,H,2
CWEunh3,180,F,0
CWEunh3,180,B,0
CWEunh3,180,S,2
CWEunh3,180,C,6
CWEunh3,300,H,3
CWEunh3,300,F,0
CWEunh3,300,B,2
CWEunh3,300,S,0
CWEunh3,300,C,6
CWEunh4,60,H,4
CWEunh4,60,F,0
CWEunh4,60,B,0
CWEunh4,60,S,0
CWEunh4,60,C,6
CWEunh4,180,H,2
CWEunh4,180,F,0
CWEunh4,180,B,0
CWEunh4,180,S,1
CWEunh4,180,C,6
CWEunh4,300,H,3
CWEunh4,300,F,0
CWEunh4,300,B,0
CWEunh4,300,S,0
CWEunh4,300,C,6
JNPunh1,60,H,3
JNPunh1,60,F,2
JNPunh1,60,B,3
JNPunh1,60,S,3
JNPunh1,60,C,5
JNPunh1,180,H,3
JNPunh1,180,F,4
JNPunh1,180,B,2
JNPunh1,180,S,4
JNPunh1,180,C,4
JNPunh1,300,H,5
JNPunh1,300,F,5
JNPunh1,300,B,4
JNPunh1,300,S,5
JNPunh1,300,C,1
JNPunh2,60,H,4
JNPunh2,60,F,5
JNPunh2,60,B,5
JNPunh2,60,S,4
JNPunh2,60,C,4
JNPunh2,180,H,3
JNPunh2,180,F,4
JNPunh2,180,B,4
JNPunh2,180,S,4
JNPunh2,180,C,5
JNPunh2,300,H,5
JNPunh2,300,F,4
JNPunh2,300,B,5
JNPunh2,300,S,0
JNPunh2,300,C,5
JNPunh3,60,H,4
JNPunh3,60,F,5
JNPunh3,60,B,0
JNPunh3,60,S,0
JNPunh3,60,C,5
JNPunh3,180,H,4
JNPunh3,180,F,6
JNPunh3,180,B,2
JNPunh3,180,S,0
JNPunh3,180,C,4
JNPunh3,300,H,3
JNPunh3,300,F,4
JNPunh3,300,B,1
JNPunh3,300,S,3
JNPunh3,300,C,6
JNPunh4,60,H,3
JNPunh4,60,F,6
JNPunh4,60,B,0
JNPunh4,60,S,0
JNPunh4,60,C,5
JNPunh4,180,H,4
JNPunh4,180,F,1
JNPunh4,180,B,3
JNPunh4,180,S,0
JNPunh4,180,C,6
JNPunh4,300,H,1
JNPunh4,300,F,5
JNPunh4,300,B,4
JNPunh4,300,S,0
JNPunh4,300,C,5
JMP7mat1,60,H,5
JMP7mat1,60,F,0
JMP7mat1,60,B,0
JMP7mat1,60,S,0
JMP7mat1,60,C,6
JMP7mat1,180,H,4
JMP7mat1,180,F,0
JMP7mat1,180,B,0
JMP7mat1,180,S,0
JMP7mat1,180,C,6
JMP7mat1,300,H,5
JMP7mat1,300,F,0
JMP7mat1,300,B,0
JMP7mat1,300,S,0
JMP7mat1,300,C,6
JMP7mat2,60,H,4
JMP7mat2,60,F,2
JMP7mat2,60,B,0
JMP7mat2,60,S,3
JMP7mat2,60,C,6
JMP7mat2,180,H,4
JMP7mat2,180,F,4
JMP7mat2,180,B,2
JMP7mat2,180,S,0
JMP7mat2,180,C,6
JMP7mat2,300,H,4
JMP7mat2,300,F,2
JMP7mat2,300,B,0
JMP7mat2,300,S,0
JMP7mat2,300,C,6
JMP7mat3,60,H,4
JMP7mat3,60,F,0
JMP7mat3,60,B,2
JMP7mat3,60,S,0
JMP7mat3,60,C,6
JMP7mat3,180,H,3
JMP7mat3,180,F,0
JMP7mat3,180,B,4
JMP7mat3,180,S,0
JMP7mat3,180,C,6
JMP7mat3,300,H,4
JMP7mat3,300,F,0
JMP7mat3,300,B,4
JMP7mat3,300,S,0
JMP7mat3,300,C,6
JMP3unh1,60,H,1
JMP3unh1,60,F,4
JMP3unh1,60,B,3
JMP3unh1,60,S,0
JMP3unh1,60,C,6
JMP3unh1,180,H,2
JMP3unh1,180,F,2
JMP3unh1,180,B,1
JMP3unh1,180,S,1
JMP3unh1,180,C,6
JMP3unh1,300,H,3
JMP3unh1,300,F,5
JMP3unh1,300,B,0
JMP3unh1,300,S,2
JMP3unh1,300,C,5
HSP118unh1,60,H,3
HSP118unh1,60,F,2
HSP118unh1,60,B,0
HSP118unh1,60,S,0
HSP118unh1,60,C,6
HSP118unh1,180,H,2
HSP118unh1,180,F,4
HSP118unh1,180,B,0
HSP118unh1,180,S,1
HSP118unh1,180,C,6
HSP118unh1,300,H,1
HSP118unh1,300,F,2
HSP118unh1,300,B,0
HSP118unh1,300,S,0
HSP118unh1,300,C,6
HSP118unh2,60,H,5
HSP118unh2,60,F,0
HSP118unh2,60,B,0
HSP118unh2,60,S,3
HSP118unh2,60,C,5
HSP118unh2,180,H,2
HSP118unh2,180,F,6
HSP118unh2,180,B,0
HSP118unh2,180,S,0
HSP118unh2,180,C,5
HSP118unh2,300,H,4
HSP118unh2,300,F,0
HSP118unh2,300,B,0
HSP118unh2,300,S,2
HSP118unh2,300,C,6
HSP118unh3,60,H,5
HSP118unh3,60,F,1
HSP118unh3,60,B,0
HSP118unh3,60,S,0
HSP118unh3,60,C,5
HSP118unh3,180,H,3
HSP118unh3,180,F,0
HSP118unh3,180,B,0
HSP118unh3,180,S,0
HSP118unh3,180,C,6
HSP118unh3,300,H,3
HSP118unh3,300,F,0
HSP118unh3,300,B,0
HSP118unh3,300,S,0
HSP118unh3,300,C,6
HSP118unh4,60,H,0
HSP118unh4,60,F,0
HSP118unh4,60,B,2
HSP118unh4,60,S,0
HSP118unh4,60,C,6
HSP118unh4,180,H,3
HSP118unh4,180,F,0
HSP118unh4,180,B,0
HSP118unh4,180,S,0
HSP118unh4,180,C,6
HSP118unh4,300,H,2
HSP118unh4,300,F,3
HSP118unh4,300,B,2
HSP118unh4,300,S,0
HSP118unh4,300,C,6
MSF3111unh1,60,H,5
MSF3111unh1,60,F,4
MSF3111unh1,60,B,0
MSF3111unh1,60,S,0
MSF3111unh1,60,C,5
MSF3111unh1,180,H,3
MSF3111unh1,180,F,0
MSF3111unh1,180,B,0
MSF3111unh1,180,S,0
MSF3111unh1,180,C,6
MSF3111unh1,300,H,3
MSF3111unh1,300,F,0
MSF3111unh1,300,B,0
MSF3111unh1,300,S,1
MSF3111unh1,300,C,6
MSF3111unh2,60,H,5
MSF3111unh2,60,F,3
MSF3111unh2,60,B,0
MSF3111unh2,60,S,0
MSF3111unh2,60,C,4
MSF3111unh2,180,H,5
MSF3111unh2,180,F,0
MSF3111unh2,180,B,0
MSF3111unh2,180,S,0
MSF3111unh2,180,C,5
MSF3111unh2,300,H,6
MSF3111unh2,300,F,0
MSF3111unh2,300,B,0
MSF3111unh2,300,S,0
MSF3111unh2,300,C,4
MSF3111unh3,60,H,4
MSF3111unh3,60,F,0
MSF3111unh3,60,B,0
MSF3111unh3,60,S,0
MSF3111unh3,60,C,6
MSF3111unh3,180,H,5
MSF3111unh3,180,F,2
MSF3111unh3,180,B,0
MSF3111unh3,180,S,0
MSF3111unh3,180,C,5
MSF3111unh3,300,H,4
MSF3111unh3,300,F,1
MSF3111unh3,300,B,0
MSF3111unh3,300,S,0
MSF3111unh3,300,C,6
MSF3111unh4,60,H,5
MSF3111unh4,60,F,0
MSF3111unh4,60,B,0
MSF3111unh4,60,S,0
MSF3111unh4,60,C,6
MSF3111unh4,180,H,5
MSF3111unh4,180,F,0
MSF3111unh4,180,B,0
MSF3111unh4,180,S,0
MSF3111unh4,180,C,6
MSF3111unh4,300,H,4
MSF3111unh4,300,F,0
MSF3111unh4,300,B,0
MSF3111unh4,300,S,0
MSF3111unh4,300,C,6
TNCLPmat1,60,H,4
TNCLPmat1,60,F,0
TNCLPmat1,60,B,0
TNCLPmat1,60,S,0
TNCLPmat1,60,C,6
TNCLPmat1,180,H,3
TNCLPmat1,180,F,2
TNCLPmat1,180,B,4
TNCLPmat1,180,S,0
TNCLPmat1,180,C,5
TNCLPmat1,300,H,4
TNCLPmat1,300,F,0
TNCLPmat1,300,B,0
TNCLPmat1,300,S,2
TNCLPmat1,300,C,5
TNCLPgap1,60,H,2
TNCLPgap1,60,F,3
TNCLPgap1,60,B,0
TNCLPgap1,60,S,0
TNCLPgap1,60,C,6
TNCLPgap1,180,H,3
TNCLPgap1,180,F,4
TNCLPgap1,180,B,0
TNCLPgap1,180,S,2
TNCLPgap1,180,C,3
TNCLPgap1,300,H,3
TNCLPgap1,300,F,2
TNCLPgap1,300,B,0
TNCLPgap1,300,S,0
TNCLPgap1,300,C,6
TNCLPmat2,60,H,6
TNCLPmat2,60,F,0
TNCLPmat2,60,B,0
TNCLPmat2,60,S,0
TNCLPmat2,60,C,5
TNCLPmat2,180,H,5
TNCLPmat2,180,F,0
TNCLPmat2,180,B,0
TNCLPmat2,180,S,1
TNCLPmat2,180,C,6
TNCLPmat2,300,H,5
TNCLPmat2,300,F,2
TNCLPmat2,300,B,0
TNCLPmat2,300,S,0
TNCLPmat2,300,C,5
TNCLPgap2,60,H,
TNCLPgap2,60,F,
TNCLPgap2,60,B,2
TNCLPgap2,60,S,
TNCLPgap2,60,C,6
TNCLPgap2,180,H,3
TNCLPgap2,180,F,0
TNCLPgap2,180,B,0
TNCLPgap2,180,S,0
TNCLPgap2,180,C,6
TNCLPgap2,300,H,3
TNCLPgap2,300,F,0
TNCLPgap2,300,B,0
TNCLPgap2,300,S,0
TNCLPgap2,300,C,6
TNCLPmat3,60,H,1
TNCLPmat3,60,F,4
TNCLPmat3,60,B,0
TNCLPmat3,60,S,1
TNCLPmat3,60,C,6
TNCLPmat3,180,H,2
TNCLPmat3,180,F,3
TNCLPmat3,180,B,2
TNCLPmat3,180,S,0
TNCLPmat3,180,C,6
TNCLPmat3,300,H,2
TNCLPmat3,300,F,3
TNCLPmat3,300,B,5
TNCLPmat3,300,S,0
TNCLPmat3,300,C,5
TNCLPgap3,60,H,2
TNCLPgap3,60,F,0
TNCLPgap3,60,B,0
TNCLPgap3,60,S,3
TNCLPgap3,60,C,6
TNCLPgap3,180,H,4
TNCLPgap3,180,F,0
TNCLPgap3,180,B,0
TNCLPgap3,180,S,2
TNCLPgap3,180,C,5
TNCLPgap3,300,H,5
TNCLPgap3,300,F,0
TNCLPgap3,300,B,2
TNCLPgap3,300,S,3
TNCLPgap3,300,C,6
TNCLPunh1,60,H,3
TNCLPunh1,60,F,2
TNCLPunh1,60,B,0
TNCLPunh1,60,S,0
TNCLPunh1,60,C,6
TNCLPunh1,180,H,4
TNCLPunh1,180,F,0
TNCLPunh1,180,B,0
TNCLPunh1,180,S,0
TNCLPunh1,180,C,6
TNCLPunh1,300,H,3
TNCLPunh1,300,F,2
TNCLPunh1,300,B,
TNCLPunh1,300,S,
TNCLPunh1,300,C,6
TNCLPunh2,60,H,4
TNCLPunh2,60,F,0
TNCLPunh2,60,B,0
TNCLPunh2,60,S,3
TNCLPunh2,60,C,5
TNCLPunh2,180,H,3
TNCLPunh2,180,F,2
TNCLPunh2,180,B,0
TNCLPunh2,180,S,0
TNCLPunh2,180,C,6
TNCLPunh2,300,H,5
TNCLPunh2,300,F,0
TNCLPunh2,300,B,0
TNCLPunh2,300,S,3
TNCLPunh2,300,C,5
TNCLPunh3,60,H,2
TNCLPunh3,60,F,2
TNCLPunh3,60,B,0
TNCLPunh3,60,S,3
TNCLPunh3,60,C,6
TNCLPunh3,180,H,2
TNCLPunh3,180,F,0
TNCLPunh3,180,B,0
TNCLPunh3,180,S,2
TNCLPunh3,180,C,6
TNCLPunh3,300,H,3
TNCLPunh3,300,F,0
TNCLPunh3,300,B,0
TNCLPunh3,300,S,2
TNCLPunh3,300,C,6
TNCLPunh4,60,H,2
TNCLPunh4,60,F,2
TNCLPunh4,60,B,0
TNCLPunh4,60,S,2
TNCLPunh4,60,C,6
TNCLPunh4,180,H,3
TNCLPunh4,180,F,4
TNCLPunh4,180,B,0
TNCLPunh4,180,S,0
TNCLPunh4,180,C,5
TNCLPunh4,300,H,2
TNCLPunh4,300,F,2
TNCLPunh4,300,B,3
TNCLPunh4,300,S,0
TNCLPunh4,300,C,6
SWunh1,60,H,3
SWunh1,60,F,6
SWunh1,60,B,0
SWunh1,60,S,0
SWunh1,60,C,4
SWunh1,180,H,0
SWunh1,180,F,6
SWunh1,180,B,0
SWunh1,180,S,0
SWunh1,180,C,5
SWunh1,300,H,3
SWunh1,300,F,5
SWunh1,300,B,0
SWunh1,300,S,0
SWunh1,300,C,5
SWunh2,60,H,3
SWunh2,60,F,4
SWunh2,60,B,0
SWunh2,60,S,0
SWunh2,60,C,5
SWunh2,180,H,3
SWunh2,180,F,0
SWunh2,180,B,0
SWunh2,180,S,0
SWunh2,180,C,6
SWunh2,300,H,5
SWunh2,300,F,3
SWunh2,300,B,0
SWunh2,300,S,0
SWunh2,300,C,5
SWunh3,60,H,4
SWunh3,60,F,4
SWunh3,60,B,0
SWunh3,60,S,0
SWunh3,60,C,6
SWunh3,180,H,3
SWunh3,180,F,5
SWunh3,180,B,0
SWunh3,180,S,0
SWunh3,180,C,6
SWunh3,300,H,4
SWunh3,300,F,1
SWunh3,300,B,0
SWunh3,300,S,0
SWunh3,300,C,6
SWunh4,60,H,1
SWunh4,60,F,6
SWunh4,60,B,0
SWunh4,60,S,0
SWunh4,60,C,5
SWunh4,180,H,1
SWunh4,180,F,5
SWunh4,180,B,0
SWunh4,180,S,0
SWunh4,180,C,6
SWunh4,300,H,2
SWunh4,300,F,6
SWunh4,300,B,0
SWunh4,300,S,0
SWunh4,300,C,5
OMSFHRmat1,60,H,2
OMSFHRmat1,60,F,3
OMSFHRmat1,60,B,1
OMSFHRmat1,60,S,0
OMSFHRmat1,60,C,5
OMSFHRmat1,180,H,3
OMSFHRmat1,180,F,0
OMSFHRmat1,180,B,0
OMSFHRmat1,180,S,0
OMSFHRmat1,180,C,6
OMSFHRmat1,300,H,3
OMSFHRmat1,300,F,0
OMSFHRmat1,300,B,2
OMSFHRmat1,300,S,2
OMSFHRmat1,300,C,6
OMSFHRgap1,60,H,5
OMSFHRgap1,60,F,0
OMSFHRgap1,60,B,0
OMSFHRgap1,60,S,3
OMSFHRgap1,60,C,5
OMSFHRgap1,180,H,6
OMSFHRgap1,180,F,0
OMSFHRgap1,180,B,0
OMSFHRgap1,180,S,0
OMSFHRgap1,180,C,4
OMSFHRgap1,300,H,5
OMSFHRgap1,300,F,0
OMSFHRgap1,300,B,1
OMSFHRgap1,300,S,0
OMSFHRgap1,300,C,5
OMSFHRgap2,60,H,2
OMSFHRgap2,60,F,0
OMSFHRgap2,60,B,1
OMSFHRgap2,60,S,0
OMSFHRgap2,60,C,6
OMSFHRgap2,180,H,2
OMSFHRgap2,180,F,0
OMSFHRgap2,180,B,0
OMSFHRgap2,180,S,5
OMSFHRgap2,180,C,5
OMSFHRgap2,300,H,6
OMSFHRgap2,300,F,0
OMSFHRgap2,300,B,0
OMSFHRgap2,300,S,0
OMSFHRgap2,300,C,3
OMSFHRmat2,60,H,4
OMSFHRmat2,60,F,0
OMSFHRmat2,60,B,0
OMSFHRmat2,60,S,0
OMSFHRmat2,60,C,6
OMSFHRmat2,180,H,3
OMSFHRmat2,180,F,0
OMSFHRmat2,180,B,0
OMSFHRmat2,180,S,0
OMSFHRmat2,180,C,6
OMSFHRmat2,300,H,2
OMSFHRmat2,300,F,0
OMSFHRmat2,300,B,0
OMSFHRmat2,300,S,0
OMSFHRmat2,300,C,6
OMSFHRgap3,60,H,5
OMSFHRgap3,60,F,0
OMSFHRgap3,60,B,1
OMSFHRgap3,60,S,2
OMSFHRgap3,60,C,5
OMSFHRgap3,180,H,4
OMSFHRgap3,180,F,0
OMSFHRgap3,180,B,0
OMSFHRgap3,180,S,0
OMSFHRgap3,180,C,6
OMSFHRgap3,300,H,4
OMSFHRgap3,300,F,1
OMSFHRgap3,300,B,0
OMSFHRgap3,300,S,3
OMSFHRgap3,300,C,5
OMSFHRmat3,60,H,4
OMSFHRmat3,60,F,0
OMSFHRmat3,60,B,2
OMSFHRmat3,60,S,2
OMSFHRmat3,60,C,5
OMSFHRmat3,180,H,5
OMSFHRmat3,180,F,2
OMSFHRmat3,180,B,3
OMSFHRmat3,180,S,0
OMSFHRmat3,180,C,3
OMSFHRmat3,300,H,3
OMSFHRmat3,300,F,2
OMSFHRmat3,300,B,2
OMSFHRmat3,300,S,0
OMSFHRmat3,300,C,5
OMSFSCHmat1,60,H,3
OMSFSCHmat1,60,F,4
OMSFSCHmat1,60,B,0
OMSFSCHmat1,60,S,0
OMSFSCHmat1,60,C,5
OMSFSCHmat1,180,H,2
OMSFSCHmat1,180,F,5
OMSFSCHmat1,180,B,3
OMSFSCHmat1,180,S,0
OMSFSCHmat1,180,C,4
OMSFSCHmat1,300,H,3
OMSFSCHmat1,300,F,3
OMSFSCHmat1,300,B,2
OMSFSCHmat1,300,S,0
OMSFSCHmat1,300,C,5
OMSFSCHgap1,60,H,2
OMSFSCHgap1,60,F,4
OMSFSCHgap1,60,B,1
OMSFSCHgap1,60,S,0
OMSFSCHgap1,60,C,6
OMSFSCHgap1,180,H,3
OMSFSCHgap1,180,F,2
OMSFSCHgap1,180,B,3
OMSFSCHgap1,180,S,0
OMSFSCHgap1,180,C,6
OMSFSCHgap1,300,H,2
OMSFSCHgap1,300,F,3
OMSFSCHgap1,300,B,2
OMSFSCHgap1,300,S,0
OMSFSCHgap1,300,C,6
OMSFSCHgap2,60,H,2
OMSFSCHgap2,60,F,4
OMSFSCHgap2,60,B,0
OMSFSCHgap2,60,S,1
OMSFSCHgap2,60,C,6
OMSFSCHgap2,180,H,3
OMSFSCHgap2,180,F,3
OMSFSCHgap2,180,B,1
OMSFSCHgap2,180,S,0
OMSFSCHgap2,180,C,6
OMSFSCHgap2,300,H,3
OMSFSCHgap2,300,F,5
OMSFSCHgap2,300,B,0
OMSFSCHgap2,300,S,1
OMSFSCHgap2,300,C,5
OMSFSCHmat2,60,H,5
OMSFSCHmat2,60,F,3
OMSFSCHmat2,60,B,1
OMSFSCHmat2,60,S,2
OMSFSCHmat2,60,C,4
OMSFSCHmat2,180,H,2
OMSFSCHmat2,180,F,2
OMSFSCHmat2,180,B,0
OMSFSCHmat2,180,S,0
OMSFSCHmat2,180,C,6
OMSFSCHmat2,300,H,3
OMSFSCHmat2,300,F,3
OMSFSCHmat2,300,B,2
OMSFSCHmat2,300,S,0
OMSFSCHmat2,300,C,6
OMSFSCHmat3,60,H,1
OMSFSCHmat3,60,F,0
OMSFSCHmat3,60,B,1
OMSFSCHmat3,60,S,0
OMSFSCHmat3,60,C,6
OMSFSCHmat3,180,H,0
OMSFSCHmat3,180,F,3
OMSFSCHmat3,180,B,4
OMSFSCHmat3,180,S,0
OMSFSCHmat3,180,C,5
OMSFSCHmat3,300,H,1
OMSFSCHmat3,300,F,2
OMSFSCHmat3,300,B,0
OMSFSCHmat3,300,S,0
OMSFSCHmat3,300,C,6
OMSFSCHgap3,60,H,5
OMSFSCHgap3,60,F,2
OMSFSCHgap3,60,B,0
OMSFSCHgap3,60,S,4
OMSFSCHgap3,60,C,3
OMSFSCHgap3,180,H,3
OMSFSCHgap3,180,F,2
OMSFSCHgap3,180,B,1
OMSFSCHgap3,180,S,5
OMSFSCHgap3,180,C,0
OMSFSCHgap3,300,H,4
OMSFSCHgap3,300,F,3
OMSFSCHgap3,300,B,0
OMSFSCHgap3,300,S,2
OMSFSCHgap3,300,C,2
OMSFCRmat1,60,H,3
OMSFCRmat1,60,F,0
OMSFCRmat1,60,B,2
OMSFCRmat1,60,S,0
OMSFCRmat1,60,C,6
OMSFCRmat1,180,H,5
OMSFCRmat1,180,F,2
OMSFCRmat1,180,B,2
OMSFCRmat1,180,S,2
OMSFCRmat1,180,C,3
OMSFCRmat1,300,H,3
OMSFCRmat1,300,F,0
OMSFCRmat1,300,B,3
OMSFCRmat1,300,S,3
OMSFCRmat1,300,C,4
OMSFCRgap1,60,H,6
OMSFCRgap1,60,F,0
OMSFCRgap1,60,B,0
OMSFCRgap1,60,S,0
OMSFCRgap1,60,C,2
OMSFCRgap1,180,H,4
OMSFCRgap1,180,F,1
OMSFCRgap1,180,B,0
OMSFCRgap1,180,S,0
OMSFCRgap1,180,C,1
OMSFCRgap1,300,H,5
OMSFCRgap1,300,F,0
OMSFCRgap1,300,B,0
OMSFCRgap1,300,S,2
OMSFCRgap1,300,C,3
OSFCD1gap1,60,H,1
OSFCD1gap1,60,F,4
OSFCD1gap1,60,B,0
OSFCD1gap1,60,S,4
OSFCD1gap1,60,C,1
OSFCD1gap1,180,H,3
OSFCD1gap1,180,F,3
OSFCD1gap1,180,B,1
OSFCD1gap1,180,S,3
OSFCD1gap1,180,C,4
OSFCD1gap1,300,H,1
OSFCD1gap1,300,F,0
OSFCD1gap1,300,B,0
OSFCD1gap1,300,S,6
OSFCD1gap1,300,C,2
OSFCD1mat1,60,H,2
OSFCD1mat1,60,F,6
OSFCD1mat1,60,B,0
OSFCD1mat1,60,S,2
OSFCD1mat1,60,C,3
OSFCD1mat1,180,H,1
OSFCD1mat1,180,F,6
OSFCD1mat1,180,B,0
OSFCD1mat1,180,S,1
OSFCD1mat1,180,C,3
OSFCD1mat1,300,H,2
OSFCD1mat1,300,F,3
OSFCD1mat1,300,B,0
OSFCD1mat1,300,S,1
OSFCD1mat1,300,C,6
OSFCD1gap2,60,H,4
OSFCD1gap2,60,F,0
OSFCD1gap2,60,B,0
OSFCD1gap2,60,S,2
OSFCD1gap2,60,C,3
OSFCD1gap2,180,H,4
OSFCD1gap2,180,F,0
OSFCD1gap2,180,B,0
OSFCD1gap2,180,S,2
OSFCD1gap2,180,C,3
OSFCD1gap2,300,H,3
OSFCD1gap2,300,F,0
OSFCD1gap2,300,B,0
OSFCD1gap2,300,S,3
OSFCD1gap2,300,C,6
OSFCD1mat2,60,H,1
OSFCD1mat2,60,F,5
OSFCD1mat2,60,B,0
OSFCD1mat2,60,S,1
OSFCD1mat2,60,C,4
OSFCD1mat2,180,H,0
OSFCD1mat2,180,F,3
OSFCD1mat2,180,B,0
OSFCD1mat2,180,S,2
OSFCD1mat2,180,C,3
OSFCD1mat2,300,H,2
OSFCD1mat2,300,F,3
OSFCD1mat2,300,B,1
OSFCD1mat2,300,S,0
OSFCD1mat2,300,C,6
OSFCD1gap3,60,H,2
OSFCD1gap3,60,F,0
OSFCD1gap3,60,B,0
OSFCD1gap3,60,S,0
OSFCD1gap3,60,C,6
OSFCD1gap3,180,H,5
OSFCD1gap3,180,F,2
OSFCD1gap3,180,B,1
OSFCD1gap3,180,S,4
OSFCD1gap3,180,C,4
OSFCD1gap3,300,H,3
OSFCD1gap3,300,F,1
OSFCD1gap3,300,B,0
OSFCD1gap3,300,S,2
OSFCD1gap3,300,C,3
OSFCD1mat3,60,H,0
OSFCD1mat3,60,F,2
OSFCD1mat3,60,B,1
OSFCD1mat3,60,S,1
OSFCD1mat3,60,C,6
OSFCD1mat3,180,H,0
OSFCD1mat3,180,F,2
OSFCD1mat3,180,B,1
OSFCD1mat3,180,S,1
OSFCD1mat3,180,C,6
OSFCD1mat3,300,H,2
OSFCD1mat3,300,F,3
OSFCD1mat3,300,B,3
OSFCD1mat3,300,S,1
OSFCD1mat3,300,C,6
OSFCD3unh1,60,H,0
OSFCD3unh1,60,F,0
OSFCD3unh1,60,B,0
OSFCD3unh1,60,S,0
OSFCD3unh1,60,C,6
OSFCD3unh1,180,H,1
OSFCD3unh1,180,F,2
OSFCD3unh1,180,B,1
OSFCD3unh1,180,S,0
OSFCD3unh1,180,C,6
OSFCD3unh1,300,H,2
OSFCD3unh1,300,F,0
OSFCD3unh1,300,B,3
OSFCD3unh1,300,S,0
OSFCD3unh1,300,C,6
OSFCD3unh2,60,H,1
OSFCD3unh2,60,F,3
OSFCD3unh2,60,B,2
OSFCD3unh2,60,S,0
OSFCD3unh2,60,C,6
OSFCD3unh2,180,H,2
OSFCD3unh2,180,F,0
OSFCD3unh2,180,B,3
OSFCD3unh2,180,S,0
OSFCD3unh2,180,C,6
OSFCD3unh2,300,H,2
OSFCD3unh2,300,F,0
OSFCD3unh2,300,B,0
OSFCD3unh2,300,S,0
OSFCD3unh2,300,C,6
OSFCD3unh3,60,H,1
OSFCD3unh3,60,F,4
OSFCD3unh3,60,B,0
OSFCD3unh3,60,S,0
OSFCD3unh3,60,C,5
OSFCD3unh3,180,H,2
OSFCD3unh3,180,F,5
OSFCD3unh3,180,B,0
OSFCD3unh3,180,S,0
OSFCD3unh3,180,C,6
OSFCD3unh3,300,H,0
OSFCD3unh3,300,F,3
OSFCD3unh3,300,B,2
OSFCD3unh3,300,S,0
OSFCD3unh3,300,C,6
OSFCD3unh4,60,H,2
OSFCD3unh4,60,F,0
OSFCD3unh4,60,B,0
OSFCD3unh4,60,S,0
OSFCD3unh4,60,C,6
OSFCD3unh4,180,H,2
OSFCD3unh4,180,F,0
OSFCD3unh4,180,B,0
OSFCD3unh4,180,S,2
OSFCD3unh4,180,C,6
OSFCD3unh4,300,H,1
OSFCD3unh4,300,F,3
OSFCD3unh4,300,B,0
OSFCD3unh4,300,S,0
OSFCD3unh4,300,C,6
OMSFCRgap2,60,H,4
OMSFCRgap2,60,F,3
OMSFCRgap2,60,B,0
OMSFCRgap2,60,S,0
OMSFCRgap2,60,C,5
OMSFCRgap2,180,H,6
OMSFCRgap2,180,F,1
OMSFCRgap2,180,B,0
OMSFCRgap2,180,S,3
OMSFCRgap2,180,C,3
OMSFCRgap2,300,H,5
OMSFCRgap2,300,F,0
OMSFCRgap2,300,B,0
OMSFCRgap2,300,S,4
OMSFCRgap2,300,C,2
OMSFCRmat2,60,H,3
OMSFCRmat2,60,F,0
OMSFCRmat2,60,B,2
OMSFCRmat2,60,S,0
OMSFCRmat2,60,C,6
OMSFCRmat2,180,H,2
OMSFCRmat2,180,F,0
OMSFCRmat2,180,B,0
OMSFCRmat2,180,S,0
OMSFCRmat2,180,C,6
OMSFCRmat2,300,H,2
OMSFCRmat2,300,F,0
OMSFCRmat2,300,B,0
OMSFCRmat2,300,S,0
OMSFCRmat2,300,C,6
OMSFCRgap3,60,H,5
OMSFCRgap3,60,F,0
OMSFCRgap3,60,B,0
OMSFCRgap3,60,S,0
OMSFCRgap3,60,C,3
OMSFCRgap3,180,H,5
OMSFCRgap3,180,F,3
OMSFCRgap3,180,B,0
OMSFCRgap3,180,S,2
OMSFCRgap3,180,C,3
OMSFCRgap3,300,H,6
OMSFCRgap3,300,F,1
OMSFCRgap3,300,B,0
OMSFCRgap3,300,S,2
OMSFCRgap3,300,C,0
OMSFCRmat3,60,H,4
OMSFCRmat3,60,F,0
OMSFCRmat3,60,B,0
OMSFCRmat3,60,S,3
OMSFCRmat3,60,C,4
OMSFCRmat3,180,H,5
OMSFCRmat3,180,F,0
OMSFCRmat3,180,B,1
OMSFCRmat3,180,S,3
OMSFCRmat3,180,C,3
OMSFCRmat3,300,H,5
OMSFCRmat3,300,F,0
OMSFCRmat3,300,B,1
OMSFCRmat3,300,S,2
OMSFCRmat3,300,C,4
PSFPMHgap1,60,H,3
PSFPMHgap1,60,F,5
PSFPMHgap1,60,B,0
PSFPMHgap1,60,S,0
PSFPMHgap1,60,C,2
PSFPMHgap1,180,H,5
PSFPMHgap1,180,F,2
PSFPMHgap1,180,B,1
PSFPMHgap1,180,S,1
PSFPMHgap1,180,C,3
PSFPMHgap1,300,H,3
PSFPMHgap1,300,F,2
PSFPMHgap1,300,B,4
PSFPMHgap1,300,S,0
PSFPMHgap1,300,C,3
PSFPMHmat1,60,H,4
PSFPMHmat1,60,F,2
PSFPMHmat1,60,B,1
PSFPMHmat1,60,S,3
PSFPMHmat1,60,C,5
PSFPMHmat1,180,H,5
PSFPMHmat1,180,F,0
PSFPMHmat1,180,B,0
PSFPMHmat1,180,S,2
PSFPMHmat1,180,C,3
PSFPMHmat1,300,H,3
PSFPMHmat1,300,F,0
PSFPMHmat1,300,B,2
PSFPMHmat1,300,S,0
PSFPMHmat1,300,C,6
PSFPMHgap2,60,H,6
PSFPMHgap2,60,F,1
PSFPMHgap2,60,B,1
PSFPMHgap2,60,S,0
PSFPMHgap2,60,C,2
PSFPMHgap2,180,H,3
PSFPMHgap2,180,F,0
PSFPMHgap2,180,B,0
PSFPMHgap2,180,S,6
PSFPMHgap2,180,C,1
PSFPMHgap2,300,H,5
PSFPMHgap2,300,F,1
PSFPMHgap2,300,B,1
PSFPMHgap2,300,S,4
PSFPMHgap2,300,C,3
PSFPMHmat2,60,H,3
PSFPMHmat2,60,F,0
PSFPMHmat2,60,B,1
PSFPMHmat2,60,S,0
PSFPMHmat2,60,C,6
PSFPMHmat2,180,H,5
PSFPMHmat2,180,F,0
PSFPMHmat2,180,B,1
PSFPMHmat2,180,S,1
PSFPMHmat2,180,C,5
PSFPMHmat2,300,H,3
PSFPMHmat2,300,F,0
PSFPMHmat2,300,B,0
PSFPMHmat2,300,S,0
PSFPMHmat2,300,C,6
PSFPMHgap1,60,H,4
PSFPMHgap3,60,F,1
PSFPMHgap3,60,B,1
PSFPMHgap3,60,S,2
PSFPMHgap3,60,C,5
PSFPMHgap3,180,H,5
PSFPMHgap3,180,F,0
PSFPMHgap3,180,B,0
PSFPMHgap3,180,S,0
PSFPMHgap3,180,C,5
PSFPMHgap3,300,H,6
PSFPMHgap3,300,F,3
PSFPMHgap3,300,B,0
PSFPMHgap3,300,S,0
PSFPMHgap3,300,C,2
PSFPMHmat3,60,H,6
PSFPMHmat3,60,F,0
PSFPMHmat3,60,B,2
PSFPMHmat3,60,S,2
PSFPMHmat3,60,C,4
PSFPMHmat3,180,H,5
PSFPMHmat3,180,F,0
PSFPMHmat3,180,B,1
PSFPMHmat3,180,S,1
PSFPMHmat3,180,C,5
PSFPMHmat3,300,H,6
PSFPMHmat3,300,F,0
PSFPMHmat3,300,B,2
PSFPMHmat3,300,S,2
PSFPMHmat3,300,C,4
BRSPunh1,60,H,4
BRSPunh1,60,F,0
BRSPunh1,60,B,0
BRSPunh1,60,S,1
BRSPunh1,60,C,6
BRSPunh1,180,H,4
BRSPunh1,180,F,0
BRSPunh1,180,B,0
BRSPunh1,180,S,2
BRSPunh1,180,C,6
BRSPunh1,300,H,3
BRSPunh1,300,F,0
BRSPunh1,300,B,0
BRSPunh1,300,S,0
BRSPunh1,300,C,6
BRSPunh2,60,H,3
BRSPunh2,60,F,3
BRSPunh2,60,B,0
BRSPunh2,60,S,0
BRSPunh2,60,C,6
BRSPunh2,180,H,2
BRSPunh2,180,F,0
BRSPunh2,180,B,0
BRSPunh2,180,S,0
BRSPunh2,180,C,6
BRSPunh2,300,H,3
BRSPunh2,300,F,2
BRSPunh2,300,B,0
BRSPunh2,300,S,0
BRSPunh2,300,C,6
BRSPunh3,60,H,2
BRSPunh3,60,F,0
BRSPunh3,60,B,0
BRSPunh3,60,S,0
BRSPunh3,60,C,6
BRSPunh3,180,H,2
BRSPunh3,180,F,1
BRSPunh3,180,B,2
BRSPunh3,180,S,2
BRSPunh3,180,C,6
BRSPunh3,300,H,1
BRSPunh3,300,F,0
BRSPunh3,300,B,0
BRSPunh3,300,S,0
BRSPunh3,300,C,6
BRSPunh4,60,H,2
BRSPunh4,60,F,1
BRSPunh4,60,B,0
BRSPunh4,60,S,0
BRSPunh4,60,C,6
BRSPunh4,180,H,3
BRSPunh4,180,F,0
BRSPunh4,180,B,0
BRSPunh4,180,S,0
BRSPunh4,180,C,6
BRSPunh4,300,H,2
BRSPunh4,300,F,0
BRSPunh4,300,B,0
BRSPunh4,300,S,0
BRSPunh4,300,C,6
GMSSmat1,60,H,4
GMSSmat1,60,F,3
GMSSmat1,60,B,5
GMSSmat1,60,S,0
GMSSmat1,60,C,4
GMSSmat1,180,H,4
GMSSmat1,180,F,5
GMSSmat1,180,B,5
GMSSmat1,180,S,3
GMSSmat1,180,C,4
GMSSmat1,300,H,5
GMSSmat1,300,F,6
GMSSmat1,300,B,2
GMSSmat1,300,S,0
GMSSmat1,300,C,3
GMSSmat2,60,H,2
GMSSmat2,60,F,5
GMSSmat2,60,B,0
GMSSmat2,60,S,0
GMSSmat2,60,C,5
GMSSmat2,180,H,3
GMSSmat2,180,F,6
GMSSmat2,180,B,1
GMSSmat2,180,S,0
GMSSmat2,180,C,5
GMSSmat2,300,H,2
GMSSmat2,300,F,4
GMSSmat2,300,B,3
GMSSmat2,300,S,0
GMSSmat2,300,C,6
GMSSgap1,60,H,2
GMSSgap1,60,F,5
GMSSgap1,60,B,0
GMSSgap1,60,S,0
GMSSgap1,60,C,5
GMSSgap1,180,H,3
GMSSgap1,180,F,4
GMSSgap1,180,B,4
GMSSgap1,180,S,0
GMSSgap1,180,C,5
GMSSgap1,300,H,1
GMSSgap1,300,F,2
GMSSgap1,300,B,3
GMSSgap1,300,S,0
GMSSgap1,300,C,6
GMSSgap2,60,H,4
GMSSgap2,60,F,6
GMSSgap2,60,B,0
GMSSgap2,60,S,3
GMSSgap2,60,C,4
GMSSgap2,180,H,5
GMSSgap2,180,F,0
GMSSgap2,180,B,0
GMSSgap2,180,S,0
GMSSgap2,180,C,4
GMSSgap2,300,H,4
GMSSgap2,300,F,1
GMSSgap2,300,B,4
GMSSgap2,300,S,2
GMSSgap2,300,C,6
GMSSmat3,60,H,3
GMSSmat3,60,F,4
GMSSmat3,60,B,1
GMSSmat3,60,S,3
GMSSmat3,60,C,6
GMSSmat3,180,H,2
GMSSmat3,180,F,5
GMSSmat3,180,B,0
GMSSmat3,180,S,0
GMSSmat3,180,C,5
GMSSmat3,300,H,3
GMSSmat3,300,F,4
GMSSmat3,300,B,0
GMSSmat3,300,S,2
GMSSmat3,300,C,6
GMSSgap3,60,H,1
GMSSgap3,60,F,2
GMSSgap3,60,B,0
GMSSgap3,60,S,1
GMSSgap3,60,C,6
GMSSgap3,180,H,1
GMSSgap3,180,F,0
GMSSgap3,180,B,1
GMSSgap3,180,S,1
GMSSgap3,180,C,6
GMSSgap3,300,H,4
GMSSgap3,300,F,0
GMSSgap3,300,B,0
GMSSgap3,300,S,5
GMSSgap3,300,C,5
GMCBmat1,60,H,5
GMCBmat1,60,F,5
GMCBmat1,60,B,0
GMCBmat1,60,S,4
GMCBmat1,60,C,3
GMCBmat1,180,H,3
GMCBmat1,180,F,6
GMCBmat1,180,B,0
GMCBmat1,180,S,0
GMCBmat1,180,C,2
GMCBmat1,300,H,3
GMCBmat1,300,F,5
GMCBmat1,300,B,0
GMCBmat1,300,S,0
GMCBmat1,300,C,5
GMCBgap1,60,H,6
GMCBgap1,60,F,5
GMCBgap1,60,B,0
GMCBgap1,60,S,0
GMCBgap1,60,C,1
GMCBgap1,180,H,6
GMCBgap1,180,F,5
GMCBgap1,180,B,0
GMCBgap1,180,S,2
GMCBgap1,180,C,2
GMCBgap1,300,H,4
GMCBgap1,300,F,0
GMCBgap1,300,B,0
GMCBgap1,300,S,4
GMCBgap1,300,C,5
GMCBgap2,60,H,4
GMCBgap2,60,F,0
GMCBgap2,60,B,0
GMCBgap2,60,S,1
GMCBgap2,60,C,5
GMCBgap2,180,H,5
GMCBgap2,180,F,2
GMCBgap2,180,B,0
GMCBgap2,180,S,5
GMCBgap2,180,C,5
GMCBgap2,300,H,4
GMCBgap2,300,F,2
GMCBgap2,300,B,0
GMCBgap2,300,S,2
GMCBgap2,300,C,5
DHSPmat1,60,H,2
DHSPmat1,60,F,0
DHSPmat1,60,B,2
DHSPmat1,60,S,0
DHSPmat1,60,C,6
DHSPmat1,180,H,2
DHSPmat1,180,F,0
DHSPmat1,180,B,2
DHSPmat1,180,S,0
DHSPmat1,180,C,6
DHSPmat1,300,H,3
DHSPmat1,300,F,0
DHSPmat1,300,B,1
DHSPmat1,300,S,2
DHSPmat1,300,C,6
DHSPgap1,60,H,2
DHSPgap1,60,F,3
DHSPgap1,60,B,0
DHSPgap1,60,S,2
DHSPgap1,60,C,6
DHSPgap1,180,H,4
DHSPgap1,180,F,1
DHSPgap1,180,B,3
DHSPgap1,180,S,1
DHSPgap1,180,C,5
DHSPgap1,300,H,1
DHSPgap1,300,F,4
DHSPgap1,300,B,0
DHSPgap1,300,S,1
DHSPgap1,300,C,5
DHSPgap2,60,H,1
DHSPgap2,60,F,4
DHSPgap2,60,B,1
DHSPgap2,60,S,0
DHSPgap2,60,C,6
DHSPgap2,180,H,3
DHSPgap2,180,F,3
DHSPgap2,180,B,1
DHSPgap2,180,S,4
DHSPgap2,180,C,5
DHSPgap2,300,H,2
DHSPgap2,300,F,2
DHSPgap2,300,B,0
DHSPgap2,300,S,2
DHSPgap2,300,C,6
DHSPgap3,60,H,2
DHSPgap3,60,F,3
DHSPgap3,60,B,0
DHSPgap3,60,S,1
DHSPgap3,60,C,6
DHSPgap3,180,H,0
DHSPgap3,180,F,0
DHSPgap3,180,B,0
DHSPgap3,180,S,0
DHSPgap3,180,C,6
DHSPgap3,300,H,3
DHSPgap3,300,F,0
DHSPgap3,300,B,0
DHSPgap3,300,S,0
DHSPgap3,300,C,6
DHSPmat2,60,H,1
DHSPmat2,60,F,5
DHSPmat2,60,B,1
DHSPmat2,60,S,0
DHSPmat2,60,C,5
DHSPmat2,180,H,1
DHSPmat2,180,F,2
DHSPmat2,180,B,2
DHSPmat2,180,S,0
DHSPmat2,180,C,6
DHSPmat2,300,H,1
DHSPmat2,300,F,2
DHSPmat2,300,B,2
DHSPmat2,300,S,0
DHSPmat2,300,C,6
DHSPmat3,60,H,5
DHSPmat3,60,F,0
DHSPmat3,60,B,0
DHSPmat3,60,S,4
DHSPmat3,60,C,5
DHSPmat3,180,H,3
DHSPmat3,180,F,3
DHSPmat3,180,B,0
DHSPmat3,180,S,2
DHSPmat3,180,C,6
DHSPmat3,300,H,5
DHSPmat3,300,F,3
DHSPmat3,300,B,0
DHSPmat3,300,S,1
DHSPmat3,300,C,5
HMSPunh1,60,H,0
HMSPunh1,60,F,0
HMSPunh1,60,B,0
HMSPunh1,60,S,0
HMSPunh1,60,C,6
HMSPunh1,180,H,3
HMSPunh1,180,F,0
HMSPunh1,180,B,0
HMSPunh1,180,S,4
HMSPunh1,180,C,6
HMSPunh1,300,H,2
HMSPunh1,300,F,0
HMSPunh1,300,B,0
HMSPunh1,300,S,2
HMSPunh1,300,C,6
HMSPunh2,60,H,5
HMSPunh2,60,F,2
HMSPunh2,60,B,3
HMSPunh2,60,S,4
HMSPunh2,60,C,3
HMSPunh2,180,H,4
HMSPunh2,180,F,4
HMSPunh2,180,B,0
HMSPunh2,180,S,0
HMSPunh2,180,C,6
HMSPunh2,300,H,5
HMSPunh2,300,F,4
HMSPunh2,300,B,1
HMSPunh2,300,S,0
HMSPunh2,300,C,5
HMSPunh3,60,H,3
HMSPunh3,60,F,4
HMSPunh3,60,B,0
HMSPunh3,60,S,0
HMSPunh3,60,C,5
HMSPunh3,180,H,4
HMSPunh3,180,F,2
HMSPunh3,180,B,2
HMSPunh3,180,S,0
HMSPunh3,180,C,6
HMSPunh3,300,H,4
HMSPunh3,300,F,2
HMSPunh3,300,B,0
HMSPunh3,300,S,3
HMSPunh3,300,C,6
HMSPunh4,60,H,1
HMSPunh4,60,F,0
HMSPunh4,60,B,0
HMSPunh4,60,S,0
HMSPunh4,60,C,6
HMSPunh4,180,H,0
HMSPunh4,180,F,0
HMSPunh4,180,B,0
HMSPunh4,180,S,0
HMSPunh4,180,C,6
HMSPunh4,300,H,0
HMSPunh4,300,F,0
HMSPunh4,300,B,0
HMSPunh4,300,S,0
HMSPunh4,300,C,6
HSF161gap1,60,H,2
HSF161gap1,60,F,6
HSF161gap1,60,B,0
HSF161gap1,60,S,3
HSF161gap1,60,C,1
HSF161gap1,180,H,1
HSF161gap1,180,F,6
HSF161gap1,180,B,0
HSF161gap1,180,S,0
HSF161gap1,180,C,1
HSF161gap1,300,H,5
HSF161gap1,300,F,5
HSF161gap1,300,B,1
HSF161gap1,300,S,0
HSF161gap1,300,C,0
HSF161mat1,60,H,4
HSF161mat1,60,F,0
HSF161mat1,60,B,3
HSF161mat1,60,S,3
HSF161mat1,60,C,5
HSF161mat1,180,H,4
HSF161mat1,180,F,0
HSF161mat1,180,B,2
HSF161mat1,180,S,0
HSF161mat1,180,C,6
HSF161mat1,300,H,4
HSF161mat1,300,F,0
HSF161mat1,300,B,3
HSF161mat1,300,S,0
HSF161mat1,300,C,6
HSF161gap2,60,H,4
HSF161gap2,60,F,0
HSF161gap2,60,B,0
HSF161gap2,60,S,5
HSF161gap2,60,C,3
HSF161gap2,180,H,4
HSF161gap2,180,F,0
HSF161gap2,180,B,1
HSF161gap2,180,S,5
HSF161gap2,180,C,1
HSF161gap2,300,H,4
HSF161gap2,300,F,0
HSF161gap2,300,B,0
HSF161gap2,300,S,6
HSF161gap2,300,C,2
HSF161mat2,60,H,3
HSF161mat2,60,F,0
HSF161mat2,60,B,3
HSF161mat2,60,S,0
HSF161mat2,60,C,6
HSF161mat2,180,H,3
HSF161mat2,180,F,0
HSF161mat2,180,B,0
HSF161mat2,180,S,0
HSF161mat2,180,C,6
HSF161mat2,300,H,2
HSF161mat2,300,F,0
HSF161mat2,300,B,0
HSF161mat2,300,S,0
HSF161mat2,300,C,6
HSF161mat3,60,H,4
HSF161mat3,60,F,0
HSF161mat3,60,B,3
HSF161mat3,60,S,0
HSF161mat3,60,C,6
HSF161mat3,180,H,4
HSF161mat3,180,F,1
HSF161mat3,180,B,1
HSF161mat3,180,S,1
HSF161mat3,180,C,6
HSF161mat3,300,H,3
HSF161mat3,300,F,0
HSF161mat3,300,B,0
HSF161mat3,300,S,2
HSF161mat3,300,C,6
HSF161gap3,60,H,4
HSF161gap3,60,F,0
HSF161gap3,60,B,0
HSF161gap3,60,S,2
HSF161gap3,60,C,5
HSF161gap3,180,H,5
HSF161gap3,180,F,0
HSF161gap3,180,B,0
HSF161gap3,180,S,2
HSF161gap3,180,C,5
HSF161gap3,300,H,5
HSF161gap3,300,F,0
HSF161gap3,300,B,0
HSF161gap3,300,S,4
HSF161gap3,300,C,4
ASF114unh1,60,H,5
ASF114unh1,60,F,0
ASF114unh1,60,B,0
ASF114unh1,60,S,2
ASF114unh1,60,C,6
ASF114unh1,180,H,4
ASF114unh1,180,F,1
ASF114unh1,180,B,0
ASF114unh1,180,S,0
ASF114unh1,180,C,6
ASF114unh1,300,H,3
ASF114unh1,300,F,0
ASF114unh1,300,B,3
ASF114unh1,300,S,4
ASF114unh1,300,C,4
ASF114unh2,60,H,2
ASF114unh2,60,F,1
ASF114unh2,60,B,1
ASF114unh2,60,S,0
ASF114unh2,60,C,6
ASF114unh2,180,H,1
ASF114unh2,180,F,0
ASF114unh2,180,B,0
ASF114unh2,180,S,0
ASF114unh2,180,C,6
ASF114unh2,300,H,1
ASF114unh2,300,F,5
ASF114unh2,300,B,0
ASF114unh2,300,S,0
ASF114unh2,300,C,6
ASF114unh3,60,H,2
ASF114unh3,60,F,2
ASF114unh3,60,B,0
ASF114unh3,60,S,0
ASF114unh3,60,C,6
ASF114unh3,180,H,2
ASF114unh3,180,F,0
ASF114unh3,180,B,0
ASF114unh3,180,S,0
ASF114unh3,180,C,6
ASF114unh3,300,H,1
ASF114unh3,300,F,0
ASF114unh3,300,B,0
ASF114unh3,300,S,0
ASF114unh3,300,C,6
ASF114unh4,60,H,0
ASF114unh4,60,F,0
ASF114unh4,60,B,0
ASF114unh4,60,S,0
ASF114unh4,60,C,6
ASF114unh4,180,H,2
ASF114unh4,180,F,0
ASF114unh4,180,B,0
ASF114unh4,180,S,0
ASF114unh4,180,C,6
ASF114unh4,300,H,2
ASF114unh4,300,F,0
ASF114unh4,300,B,0
ASF114unh4,300,S,0
ASF114unh4,300,C,6
SSFYL2mat1,60,H,2
SSFYL2mat1,60,F,0
SSFYL2mat1,60,B,0
SSFYL2mat1,60,S,0
SSFYL2mat1,60,C,6
SSFYL2mat1,180,H,1
SSFYL2mat1,180,F,0
SSFYL2mat1,180,B,2
SSFYL2mat1,180,S,2
SSFYL2mat1,180,C,6
SSFYL2mat1,300,H,1
SSFYL2mat1,300,F,3
SSFYL2mat1,300,B,0
SSFYL2mat1,300,S,2
SSFYL2mat1,300,C,6
SSFYL2gap1,60,H,5
SSFYL2gap1,60,F,1
SSFYL2gap1,60,B,0
SSFYL2gap1,60,S,6
SSFYL2gap1,60,C,0
SSFYL2gap1,180,H,5
SSFYL2gap1,180,F,0
SSFYL2gap1,180,B,0
SSFYL2gap1,180,S,4
SSFYL2gap1,180,C,3
SSFYL2gap1,300,H,6
SSFYL2gap1,300,F,2
SSFYL2gap1,300,B,0
SSFYL2gap1,300,S,5
SSFYL2gap1,300,C,1
SSFYL2mat2,60,H,3
SSFYL2mat2,60,F,1
SSFYL2mat2,60,B,0
SSFYL2mat2,60,S,2
SSFYL2mat2,60,C,6
SSFYL2mat2,180,H,2
SSFYL2mat2,180,F,0
SSFYL2mat2,180,B,0
SSFYL2mat2,180,S,2
SSFYL2mat2,180,C,6
SSFYL2mat2,300,H,2
SSFYL2mat2,300,F,0
SSFYL2mat2,300,B,0
SSFYL2mat2,300,S,0
SSFYL2mat2,300,C,6
SSFYL2mat3,60,H,3
SSFYL2mat3,60,F,3
SSFYL2mat3,60,B,0
SSFYL2mat3,60,S,0
SSFYL2mat3,60,C,6
SSFYL2mat3,180,H,2
SSFYL2mat3,180,F,3
SSFYL2mat3,180,B,0
SSFYL2mat3,180,S,1
SSFYL2mat3,180,C,6
SSFYL2mat3,300,H,2
SSFYL2mat3,300,F,6
SSFYL2mat3,300,B,0
SSFYL2mat3,300,S,2
SSFYL2mat3,300,C,5
SSFYL2gap2,60,H,6
SSFYL2gap2,60,F,0
SSFYL2gap2,60,B,0
SSFYL2gap2,60,S,2
SSFYL2gap2,60,C,5
SSFYL2gap2,180,H,6
SSFYL2gap2,180,F,0
SSFYL2gap2,180,B,1
SSFYL2gap2,180,S,0
SSFYL2gap2,180,C,4
SSFYL2gap2,300,H,5
SSFYL2gap2,300,F,0
SSFYL2gap2,300,B,0
SSFYL2gap2,300,S,2
SSFYL2gap2,300,C,5
SSFYL2gap3,60,H,6
SSFYL2gap3,60,F,2
SSFYL2gap3,60,B,0
SSFYL2gap3,60,S,0
SSFYL2gap3,60,C,1
SSFYL2gap3,180,H,5
SSFYL2gap3,180,F,3
SSFYL2gap3,180,B,0
SSFYL2gap3,180,S,0
SSFYL2gap3,180,C,2
SSFYL2gap3,300,H,4
SSFYL2gap3,300,F,5
SSFYL2gap3,300,B,0
SSFYL2gap3,300,S,0
SSFYL2gap3,300,C,4
TSF49unh1,60,H,0
TSF49unh1,60,F,0
TSF49unh1,60,B,0
TSF49unh1,60,S,0
TSF49unh1,60,C,6
TSF49unh1,180,H,1
TSF49unh1,180,F,0
TSF49unh1,180,B,0
TSF49unh1,180,S,0
TSF49unh1,180,C,6
TSF49unh1,300,H,3
TSF49unh1,300,F,0
TSF49unh1,300,B,0
TSF49unh1,300,S,0
TSF49unh1,300,C,6
TSF49unh2,60,H,3
TSF49unh2,60,F,0
TSF49unh2,60,B,0
TSF49unh2,60,S,0
TSF49unh2,60,C,6
TSF49unh2,180,H,2
TSF49unh2,180,F,0
TSF49unh2,180,B,1
TSF49unh2,180,S,0
TSF49unh2,180,C,6
TSF49unh2,300,H,3
TSF49unh2,300,F,0
TSF49unh2,300,B,0
TSF49unh2,300,S,0
TSF49unh2,300,C,6
TSF49unh3,60,H,0
TSF49unh3,60,F,3
TSF49unh3,60,B,0
TSF49unh3,60,S,0
TSF49unh3,60,C,6
TSF49unh3,180,H,0
TSF49unh3,180,F,3
TSF49unh3,180,B,0
TSF49unh3,180,S,0
TSF49unh3,180,C,6
TSF49unh3,300,H,2
TSF49unh3,300,F,2
TSF49unh3,300,B,0
TSF49unh3,300,S,0
TSF49unh3,300,C,6
TSF49unh4,60,H,0
TSF49unh4,60,F,0
TSF49unh4,60,B,0
TSF49unh4,60,S,0
TSF49unh4,60,C,6
TSF49unh4,180,H,0
TSF49unh4,180,F,0
TSF49unh4,180,B,0
TSF49unh4,180,S,0
TSF49unh4,180,C,6
TSF49unh4,300,H,1
TSF49unh4,300,F,0
TSF49unh4,300,B,0
TSF49unh4,300,S,0
TSF49unh4,300,C,6
OMSFSH14gap1,60,H,4
OMSFSH14gap1,60,F,0
OMSFSH14gap1,60,B,0
OMSFSH14gap1,60,S,0
OMSFSH14gap1,60,C,6
OMSFSH14gap1,180,H,4
OMSFSH14gap1,180,F,3
OMSFSH14gap1,180,B,0
OMSFSH14gap1,180,S,1
OMSFSH14gap1,180,C,5
OMSFSH14gap1,300,H,6
OMSFSH14gap1,300,F,2
OMSFSH14gap1,300,B,2
OMSFSH14gap1,300,S,1
OMSFSH14gap1,300,C,2
OMSFSH14mat1,60,H,5
OMSFSH14mat1,60,F,0
OMSFSH14mat1,60,B,0
OMSFSH14mat1,60,S,0
OMSFSH14mat1,60,C,6
OMSFSH14mat1,180,H,5
OMSFSH14mat1,180,F,3
OMSFSH14mat1,180,B,0
OMSFSH14mat1,180,S,0
OMSFSH14mat1,180,C,5
OMSFSH14mat1,300,H,4
OMSFSH14mat1,300,F,0
OMSFSH14mat1,300,B,0
OMSFSH14mat1,300,S,0
OMSFSH14mat1,300,C,6
OMSFSH14gap2,60,H,6
OMSFSH14gap2,60,F,0
OMSFSH14gap2,60,B,0
OMSFSH14gap2,60,S,2
OMSFSH14gap2,60,C,3
OMSFSH14gap2,180,H,5
OMSFSH14gap2,180,F,4
OMSFSH14gap2,180,B,0
OMSFSH14gap2,180,S,0
OMSFSH14gap2,180,C,5
OMSFSH14gap2,300,H,6
OMSFSH14gap2,300,F,4
OMSFSH14gap2,300,B,0
OMSFSH14gap2,300,S,0
OMSFSH14gap2,300,C,4
OMSFSH14mat2,60,H,2
OMSFSH14mat2,60,F,2
OMSFSH14mat2,60,B,1
OMSFSH14mat2,60,S,3
OMSFSH14mat2,60,C,6
OMSFSH14mat2,180,H,1
OMSFSH14mat2,180,F,0
OMSFSH14mat2,180,B,0
OMSFSH14mat2,180,S,0
OMSFSH14mat2,180,C,6
OMSFSH14mat2,300,H,3
OMSFSH14mat2,300,F,0
OMSFSH14mat2,300,B,2
OMSFSH14mat2,300,S,0
OMSFSH14mat2,300,C,6
OMSFSH14mat3,60,H,1
OMSFSH14mat3,60,F,2
OMSFSH14mat3,60,B,0
OMSFSH14mat3,60,S,0
OMSFSH14mat3,60,C,6
OMSFSH14mat3,180,H,0
OMSFSH14mat3,180,F,5
OMSFSH14mat3,180,B,2
OMSFSH14mat3,180,S,0
OMSFSH14mat3,180,C,5
OMSFSH14mat3,300,H,3
OMSFSH14mat3,300,F,3
OMSFSH14mat3,300,B,3
OMSFSH14mat3,300,S,0
OMSFSH14mat3,300,C,6
OMSFSH14gap3,60,H,4
OMSFSH14gap3,60,F,3
OMSFSH14gap3,60,B,1
OMSFSH14gap3,60,S,0
OMSFSH14gap3,60,C,6
OMSFSH14gap3,180,H,6
OMSFSH14gap3,180,F,0
OMSFSH14gap3,180,B,2
OMSFSH14gap3,180,S,0
OMSFSH14gap3,180,C,3
OMSFSH14gap3,300,H,6
OMSFSH14gap3,300,F,0
OMSFSH14gap3,300,B,0
OMSFSH14gap3,300,S,0
OMSFSH14gap3,300,C,2
OMSFSH17gap1,60,H,3
OMSFSH17gap1,60,F,0
OMSFSH17gap1,60,B,0
OMSFSH17gap1,60,S,0
OMSFSH17gap1,60,C,6
OMSFSH17gap1,180,H,2
OMSFSH17gap1,180,F,3
OMSFSH17gap1,180,B,0
OMSFSH17gap1,180,S,0
OMSFSH17gap1,180,C,6
OMSFSH17gap1,300,H,2
OMSFSH17gap1,300,F,0
OMSFSH17gap1,300,B,0
OMSFSH17gap1,300,S,2
OMSFSH17gap1,300,C,6
OMSFSH17mat1,60,H,4
OMSFSH17mat1,60,F,3
OMSFSH17mat1,60,B,3
OMSFSH17mat1,60,S,0
OMSFSH17mat1,60,C,6
OMSFSH17mat1,180,H,4
OMSFSH17mat1,180,F,3
OMSFSH17mat1,180,B,2
OMSFSH17mat1,180,S,0
OMSFSH17mat1,180,C,6
OMSFSH17mat1,300,H,6
OMSFSH17mat1,300,F,0
OMSFSH17mat1,300,B,1
OMSFSH17mat1,300,S,0
OMSFSH17mat1,300,C,5
OMSFSH17gap2,60,H,5
OMSFSH17gap2,60,F,2
OMSFSH17gap2,60,B,1
OMSFSH17gap2,60,S,0
OMSFSH17gap2,60,C,5
OMSFSH17gap2,180,H,2
OMSFSH17gap2,180,F,1
OMSFSH17gap2,180,B,0
OMSFSH17gap2,180,S,0
OMSFSH17gap2,180,C,6
OMSFSH17gap2,300,H,3
OMSFSH17gap2,300,F,2
OMSFSH17gap2,300,B,0
OMSFSH17gap2,300,S,0
OMSFSH17gap2,300,C,6
OMSFSH17mat2,60,H,3
OMSFSH17mat2,60,F,2
OMSFSH17mat2,60,B,2
OMSFSH17mat2,60,S,0
OMSFSH17mat2,60,C,6
OMSFSH17mat2,180,H,3
OMSFSH17mat2,180,F,3
OMSFSH17mat2,180,B,4
OMSFSH17mat2,180,S,0
OMSFSH17mat2,180,C,6
OMSFSH17mat2,300,H,3
OMSFSH17mat2,300,F,3
OMSFSH17mat2,300,B,3
OMSFSH17mat2,300,S,1
OMSFSH17mat2,300,C,6
OMSFSH17gap3,60,H,3
OMSFSH17gap3,60,F,0
OMSFSH17gap3,60,B,0
OMSFSH17gap3,60,S,0
OMSFSH17gap3,60,C,6
OMSFSH17gap3,180,H,2
OMSFSH17gap3,180,F,3
OMSFSH17gap3,180,B,0
OMSFSH17gap3,180,S,0
OMSFSH17gap3,180,C,6
OMSFSH17gap3,300,H,2
OMSFSH17gap3,300,F,2
OMSFSH17gap3,300,B,0
OMSFSH17gap3,300,S,0
OMSFSH17gap3,300,C,6
OMSFSH17mat3,60,H,3
OMSFSH17mat3,60,F,1
OMSFSH17mat3,60,B,0
OMSFSH17mat3,60,S,0
OMSFSH17mat3,60,C,6
OMSFSH17mat3,180,H,3
OMSFSH17mat3,180,F,2
OMSFSH17mat3,180,B,0
OMSFSH17mat3,180,S,0
OMSFSH17mat3,180,C,6
OMSFSH17mat3,300,H,3
OMSFSH17mat3,300,F,3
OMSFSH17mat3,300,B,0
OMSFSH17mat3,300,S,0
OMSFSH17mat3,300,C,6
JMP3unh2,60,H,3
JMP3unh2,60,F,2
JMP3unh2,60,B,0
JMP3unh2,60,S,0
JMP3unh2,60,C,6
JMP3unh2,180,H,2
JMP3unh2,180,F,2
JMP3unh2,180,B,2
JMP3unh2,180,S,0
JMP3unh2,180,C,5
JMP3unh2,300,H,3
JMP3unh2,300,F,0
JMP3unh2,300,B,4
JMP3unh2,300,S,1
JMP3unh2,300,C,6
JMP3unh3,60,H,4
JMP3unh3,60,F,0
JMP3unh3,60,B,0
JMP3unh3,60,S,0
JMP3unh3,60,C,6
JMP3unh3,180,H,2
JMP3unh3,180,F,1
JMP3unh3,180,B,0
JMP3unh3,180,S,0
JMP3unh3,180,C,6
JMP3unh3,300,H,4
JMP3unh3,300,F,3
JMP3unh3,300,B,0
JMP3unh3,300,S,0
JMP3unh3,300,C,4
JMP7mat4,60,H,5
JMP7mat4,60,F,0
JMP7mat4,60,B,0
JMP7mat4,60,S,0
JMP7mat4,60,C,5
JMP7mat4,180,H,5
JMP7mat4,180,F,1
JMP7mat4,180,B,0
JMP7mat4,180,S,0
JMP7mat4,180,C,6
JMP7mat4,300,H,4
JMP7mat4,300,F,2
JMP7mat4,300,B,0
JMP7mat4,300,S,0
JMP7mat4,300,C,6
JMP3unh4,60,H,3
JMP3unh4,60,F,0
JMP3unh4,60,B,0
JMP3unh4,60,S,1
JMP3unh4,60,C,6
JMP3unh4,180,H,3
JMP3unh4,180,F,0
JMP3unh4,180,B,0
JMP3unh4,180,S,0
JMP3unh4,180,C,6
JMP3unh4,300,H,3
JMP3unh4,300,F,1
JMP3unh4,300,B,0
JMP3unh4,300,S,0
JMP3unh4,300,C,6
KMSFunh1,60,H,3
KMSFunh1,60,F,0
KMSFunh1,60,B,0
KMSFunh1,60,S,3
KMSFunh1,60,C,6
KMSFunh1,180,H,2
KMSFunh1,180,F,1
KMSFunh1,180,B,0
KMSFunh1,180,S,2
KMSFunh1,180,C,6
KMSFunh1,300,H,2
KMSFunh1,300,F,0
KMSFunh1,300,B,0
KMSFunh1,300,S,0
KMSFunh1,300,C,6
KMSFunh2,60,H,2
KMSFunh2,60,F,0
KMSFunh2,60,B,1
KMSFunh2,60,S,0
KMSFunh2,60,C,6
KMSFunh2,180,H,2
KMSFunh2,180,F,0
KMSFunh2,180,B,0
KMSFunh2,180,S,0
KMSFunh2,180,C,6
KMSFunh2,300,H,1
KMSFunh2,300,F,0
KMSFunh2,300,B,0
KMSFunh2,300,S,0
KMSFunh2,300,C,6
KMSFunh3,60,H,2
KMSFunh3,60,F,0
KMSFunh3,60,B,0
KMSFunh3,60,S,0
KMSFunh3,60,C,6
KMSFunh3,180,H,2
KMSFunh3,180,F,2
KMSFunh3,180,B,0
KMSFunh3,180,S,0
KMSFunh3,180,C,6
KMSFunh3,300,H,2
KMSFunh3,300,F,1
KMSFunh3,300,B,1
KMSFunh3,300,S,0
KMSFunh3,300,C,6
KMSFunh4,60,H,1
KMSFunh4,60,F,0
KMSFunh4,60,B,0
KMSFunh4,60,S,0
KMSFunh4,60,C,6
KMSFunh4,180,H,1
KMSFunh4,180,F,0
KMSFunh4,180,B,0
KMSFunh4,180,S,0
KMSFunh4,180,C,6
KMSFunh4,300,H,0
KMSFunh4,300,F,0
KMSFunh4,300,B,0
KMSFunh4,300,S,0
KMSFunh4,300,C,6
SSF1gap1,60,H,5
SSF1gap1,60,F,5
SSF1gap1,60,B,0
SSF1gap1,60,S,0
SSF1gap1,60,C,3
SSF1gap1,180,H,3
SSF1gap1,180,F,0
SSF1gap1,180,B,1
SSF1gap1,180,S,0
SSF1gap1,180,C,5
SSF1gap1,300,H,4
SSF1gap1,300,F,2
SSF1gap1,300,B,2
SSF1gap1,300,S,0
SSF1gap1,300,C,5
SSF1gap2,60,H,5
SSF1gap2,60,F,3
SSF1gap2,60,B,0
SSF1gap2,60,S,0
SSF1gap2,60,C,3
SSF1gap2,180,H,4
SSF1gap2,180,F,1
SSF1gap2,180,B,1
SSF1gap2,180,S,0
SSF1gap2,180,C,5
SSF1gap2,300,H,3
SSF1gap2,300,F,2
SSF1gap2,300,B,3
SSF1gap2,300,S,0
SSF1gap2,300,C,6
SSF1gap3,60,H,2
SSF1gap3,60,F,1
SSF1gap3,60,B,0
SSF1gap3,60,S,0
SSF1gap3,60,C,6
SSF1gap3,180,H,3
SSF1gap3,180,F,0
SSF1gap3,180,B,0
SSF1gap3,180,S,0
SSF1gap3,180,C,6
SSF1gap3,300,H,3
SSF1gap3,300,F,3
SSF1gap3,300,B,0
SSF1gap3,300,S,0
SSF1gap3,300,C,6
SSF1mat1,60,H,1
SSF1mat1,60,F,0
SSF1mat1,60,B,2
SSF1mat1,60,S,0
SSF1mat1,60,C,6
SSF1mat1,180,H,1
SSF1mat1,180,F,2
SSF1mat1,180,B,2
SSF1mat1,180,S,0
SSF1mat1,180,C,6
SSF1mat1,300,H,1
SSF1mat1,300,F,0
SSF1mat1,300,B,1
SSF1mat1,300,S,0
SSF1mat1,300,C,6
SSF1mat2,60,H,1
SSF1mat2,60,F,0
SSF1mat2,60,B,1
SSF1mat2,60,S,2
SSF1mat2,60,C,6
SSF1mat2,180,H,1
SSF1mat2,180,F,2
SSF1mat2,180,B,0
SSF1mat2,180,S,0
SSF1mat2,180,C,6
SSF1mat2,300,H,2
SSF1mat2,300,F,3
SSF1mat2,300,B,2
SSF1mat2,300,S,1
SSF1mat2,300,C,6
SSF1mat3,60,H,2
SSF1mat3,60,F,0
SSF1mat3,60,B,0
SSF1mat3,60,S,0
SSF1mat3,60,C,6
SSF1mat3,180,H,1
SSF1mat3,180,F,2
SSF1mat3,180,B,3
SSF1mat3,180,S,0
SSF1mat3,180,C,6
SSF1mat3,300,H,2
SSF1mat3,300,F,0
SSF1mat3,300,B,3
SSF1mat3,300,S,0
SSF1mat3,300,C,6
SSF1mat4,60,H,1
SSF1mat4,60,F,0
SSF1mat4,60,B,0
SSF1mat4,60,S,0
SSF1mat4,60,C,6
SSF1mat4,180,H,1
SSF1mat4,180,F,0
SSF1mat4,180,B,0
SSF1mat4,180,S,0
SSF1mat4,180,C,6
SSF1mat4,300,H,1
SSF1mat4,300,F,0
SSF1mat4,300,B,0
SSF1mat4,300,S,0
SSF1mat4,300,C,6
CMSF11unh1,60,H,4
CMSF11unh1,60,F,0
CMSF11unh1,60,B,0
CMSF11unh1,60,S,0
CMSF11unh1,60,C,6
CMSF11unh1,180,H,3
CMSF11unh1,180,F,0
CMSF11unh1,180,B,0
CMSF11unh1,180,S,0
CMSF11unh1,180,C,6
CMSF11unh1,300,H,4
CMSF11unh1,300,F,0
CMSF11unh1,300,B,0
CMSF11unh1,300,S,0
CMSF11unh1,300,C,6
CMSF11unh2,60,H,4
CMSF11unh2,60,F,0
CMSF11unh2,60,B,0
CMSF11unh2,60,S,0
CMSF11unh2,60,C,6
CMSF11unh2,180,H,3
CMSF11unh2,180,F,0
CMSF11unh2,180,B,0
CMSF11unh2,180,S,0
CMSF11unh2,180,C,6
CMSF11unh2,300,H,3
CMSF11unh2,300,F,0
CMSF11unh2,300,B,0
CMSF11unh2,300,S,0
CMSF11unh2,300,C,6
CMSF11unh3,60,H,2
CMSF11unh3,60,F,0
CMSF11unh3,60,B,0
CMSF11unh3,60,S,0
CMSF11unh3,60,C,6
CMSF11unh3,180,H,1
CMSF11unh3,180,F,2
CMSF11unh3,180,B,1
CMSF11unh3,180,S,1
CMSF11unh3,180,C,6
CMSF11unh3,300,H,2
CMSF11unh3,300,F,1
CMSF11unh3,300,B,0
CMSF11unh3,300,S,0
CMSF11unh3,300,C,6
CMSF11unh4,60,H,3
CMSF11unh4,60,F,3
CMSF11unh4,60,B,1
CMSF11unh4,60,S,0
CMSF11unh4,60,C,6
CMSF11unh4,180,H,3
CMSF11unh4,180,F,2
CMSF11unh4,180,B,0
CMSF11unh4,180,S,0
CMSF11unh4,180,C,6
CMSF11unh4,300,H,4
CMSF11unh4,300,F,4
CMSF11unh4,300,B,0
CMSF11unh4,300,S,1
CMSF11unh4,300,C,6
CMSF62unh1,60,H,2
CMSF62unh1,60,F,0
CMSF62unh1,60,B,2
CMSF62unh1,60,S,2
CMSF62unh1,60,C,6
CMSF62unh1,180,H,2
CMSF62unh1,180,F,1
CMSF62unh1,180,B,0
CMSF62unh1,180,S,0
CMSF62unh1,180,C,6
CMSF62unh1,300,H,2
CMSF62unh1,300,F,2
CMSF62unh1,300,B,1
CMSF62unh1,300,S,0
CMSF62unh1,300,C,6
CMSF62unh2,60,H,2
CMSF62unh2,60,F,0
CMSF62unh2,60,B,0
CMSF62unh2,60,S,1
CMSF62unh2,60,C,6
CMSF62unh2,180,H,2
CMSF62unh2,180,F,0
CMSF62unh2,180,B,0
CMSF62unh2,180,S,0
CMSF62unh2,180,C,6
CMSF62unh2,300,H,2
CMSF62unh2,300,F,1
CMSF62unh2,300,B,2
CMSF62unh2,300,S,0
CMSF62unh2,300,C,6
CMSF62unh3,60,H,2
CMSF62unh3,60,F,1
CMSF62unh3,60,B,0
CMSF62unh3,60,S,0
CMSF62unh3,60,C,6
CMSF62unh3,180,H,2
CMSF62unh3,180,F,0
CMSF62unh3,180,B,0
CMSF62unh3,180,S,0
CMSF62unh3,180,C,6
CMSF62unh3,300,H,2
CMSF62unh3,300,F,1
CMSF62unh3,300,B,2
CMSF62unh3,300,S,0
CMSF62unh3,300,C,6
CMSF62unh4,60,H,2
CMSF62unh4,60,F,2
CMSF62unh4,60,B,2
CMSF62unh4,60,S,0
CMSF62unh4,60,C,6
CMSF62unh4,180,H,2
CMSF62unh4,180,F,2
CMSF62unh4,180,B,1
CMSF62unh4,180,S,0
CMSF62unh4,180,C,6
CMSF62unh4,300,H,1
CMSF62unh4,300,F,2
CMSF62unh4,300,B,0
CMSF62unh4,300,S,0
CMSF62unh4,300,C,6
